scan_utc,kind,event_slug,detail,edge,sum_ask,sum_bid,market_prob,model_prob,volume24hr,liquidity,note
2026-07-09T04:41:05Z,negrisk_buy_all,highest-temperature-in-wellington-on-july-10-2026,"11 o, mua het = 0.960, tra ve 1.000",0.04,0.96,0.896,,,20271.903384999998,97555.53206,kiem tra do sau so lenh truoc khi vao; phi lam giam lai
2026-07-09T16:10:46Z,crypto_eth,ethereum-above-1700-on-july-12-2026,"ETH > $1,700 luc 2026-07-12T16:00:00Z; spot $1,738, DVOL 52%; mua NO @0.230; RONG +0.086 sau phi",0.0862,,,0.78,0.6714,95.987462,17034.6896,mo hinh bo qua skew - tu tham dinh truoc khi vao lenh
2026-07-09T16:10:46Z,negrisk_buy_all,highest-temperature-in-seattle-on-july-10-2026,11 o | tong mua 0.931 + phi 0.037 = 0.968 | nhan 1.000 | RONG +0.032,0.032,0.931,0.847,,,10011.522047,55948.33752,da tru phi taker; kiem tra do sau so lenh + gia con hieu luc
2026-07-10T07:00:44Z,negrisk_buy_all,clacton-by-election-nigel-farage-vote-20260708151424120,6 o | tong mua 0.864 + phi 0.027 = 0.891 | nhan 1.000 | RONG +0.109,0.109,0.864,0.791,,,6088.471852999999,111956.79123,da tru phi taker; kiem tra do sau so lenh + gia con hieu luc
2026-07-10T07:00:44Z,crypto_btc,bitcoin-above-62k-on-july-12-2026,"BTC > $62,000 luc 2026-07-12T16:00:00Z; spot $63,776, DVOL 37%; mua NO @0.090; RONG +0.081 sau phi",0.081,,,0.92,0.8233,8445.06131,20641.8524,mo hinh bo qua skew - tu tham dinh truoc khi vao lenh
2026-07-10T07:00:44Z,crypto_eth,ethereum-above-1700-on-july-12-2026,"ETH > $1,700 luc 2026-07-12T16:00:00Z; spot $1,768, DVOL 51%; mua NO @0.100; RONG +0.069 sau phi",0.0692,,,0.91,0.8245,1042.590475,19230.7694,mo hinh bo qua skew - tu tham dinh truoc khi vao lenh
2026-07-10T07:00:44Z,crypto_btc,bitcoin-above-62k-on-july-13-2026,"BTC > $62,000 luc 2026-07-13T16:00:00Z; spot $63,776, DVOL 37%; mua NO @0.150; RONG +0.061 sau phi",0.0608,,,0.855,0.7803,5996.507277999999,23873.246,mo hinh bo qua skew - tu tham dinh truoc khi vao lenh
2026-07-10T07:00:44Z,crypto_btc,bitcoin-above-66k-on-july-12-2026,"BTC > $66,000 luc 2026-07-12T16:00:00Z; spot $63,776, DVOL 37%; mua YES @0.062; RONG +0.057 sau phi",0.0571,,,0.056,0.1232,7889.751945,21751.41065,mo hinh bo qua skew - tu tham dinh truoc khi vao lenh
2026-07-10T07:00:44Z,crypto_btc,bitcoin-above-62k-on-july-11-2026,"BTC > $62,000 luc 2026-07-11T16:00:00Z; spot $63,776, DVOL 37%; mua NO @0.050; RONG +0.056 sau phi",0.0564,,,0.954,0.8903,20218.981453,26946.54549,mo hinh bo qua skew - tu tham dinh truoc khi vao lenh
2026-07-10T07:00:44Z,crypto_eth,ethereum-above-1700-on-july-11-2026,"ETH > $1,700 luc 2026-07-11T16:00:00Z; spot $1,768, DVOL 51%; mua NO @0.050; RONG +0.055 sau phi",0.0547,,,0.955,0.892,1619.102785,17086.961,mo hinh bo qua skew - tu tham dinh truoc khi vao lenh
2026-07-10T07:00:44Z,crypto_btc,bitcoin-above-62k-on-july-14-2026,"BTC > $62,000 luc 2026-07-14T16:00:00Z; spot $63,776, DVOL 37%; mua NO @0.190; RONG +0.049 sau phi",0.0492,,,0.815,0.75,460.12147899999997,15834.2427,mo hinh bo qua skew - tu tham dinh truoc khi vao lenh
2026-07-10T07:00:44Z,negrisk_buy_all,where-will-the-next-next-round-of-us-iran-peace-talks-beptptpt-20260623023740663,19 o | tong mua 0.952 + phi 0.000 = 0.952 | nhan 1.000 | RONG +0.048,0.048,0.952,0.768,,,37106.387899,778696.4746,MIEN PHI (geopolitics); kiem tra do sau so lenh + gia con hieu luc
2026-07-10T07:00:44Z,negrisk_gan_dat,bank-of-japan-decision-in-july-659,5 o | mua 1.000 + phi 0.003 -> RONG -0.003 (thieu 0.013),-0.0031,1.0,0.978,,,5807.294028,110835.60151,CHUA DANG VAO - chi theo doi
2026-07-10T10:28:44Z,negrisk_buy_all,clacton-by-election-nigel-farage-vote-20260708151424120,6 o | tong mua 0.903 + phi 0.028 = 0.931 | nhan 1.000 | RONG +0.069,0.0688,0.903,0.83,,,6103.126300999999,123459.90846,da tru phi taker; kiem tra do sau so lenh + gia con hieu luc
2026-07-10T10:28:44Z,crypto_eth,ethereum-above-1700-on-july-12-2026,"ETH > $1,700 luc 2026-07-12T16:00:00Z; spot $1,798, DVOL 50%; mua NO @0.033; RONG +0.046 sau phi",0.0457,,,0.973,0.9191,1980.180475,21167.67169,mo hinh bo qua skew - tu tham dinh truoc khi vao lenh
2026-07-10T10:28:44Z,crypto_btc,bitcoin-above-66k-on-july-13-2026,"BTC > $66,000 luc 2026-07-13T16:00:00Z; spot $64,334, DVOL 37%; mua YES @0.170; RONG +0.045 sau phi",0.0453,,,0.165,0.2252,875.12338,18152.43,mo hinh bo qua skew - tu tham dinh truoc khi vao lenh
2026-07-10T10:28:44Z,negrisk_gan_dat,where-will-the-next-next-round-of-us-iran-peace-talks-beptptpt-20260623023740663,19 o | mua 0.999 + phi 0.000 -> RONG +0.001 (thieu 0.009),0.001,0.999,0.758,,,51611.181464,757262.74421,CHUA DANG VAO - chi theo doi
2026-07-10T10:28:44Z,negrisk_gan_dat,moana-2026-opening-weekend-box-office-20260706135043555,5 o | mua 0.976 + phi 0.027 -> RONG -0.003 (thieu 0.013),-0.0029,0.976,0.934,,,24930.392309000003,42504.01287,CHUA DANG VAO - chi theo doi
2026-07-10T18:02:58Z,crypto_btc,bitcoin-above-62k-on-july-12-2026,"BTC > $62,000 luc 2026-07-12T16:00:00Z; spot $63,903, DVOL 37%; mua NO @0.044; RONG +0.083 sau phi",0.0833,,,0.957,0.8698,18428.590804,28100.67163,mo hinh bo qua skew - tu tham dinh truoc khi vao lenh
2026-07-10T18:02:58Z,crypto_btc,bitcoin-above-66k-on-july-12-2026,"BTC > $66,000 luc 2026-07-12T16:00:00Z; spot $63,903, DVOL 37%; mua YES @0.035; RONG +0.072 sau phi",0.0721,,,0.0335,0.1094,12682.177814000004,24581.47887,mo hinh bo qua skew - tu tham dinh truoc khi vao lenh
2026-07-10T18:02:58Z,crypto_btc,bitcoin-above-62k-on-july-13-2026,"BTC > $62,000 luc 2026-07-13T16:00:00Z; spot $63,903, DVOL 37%; mua NO @0.110; RONG +0.066 sau phi",0.0655,,,0.895,0.8176,9293.915681999999,25367.7423,mo hinh bo qua skew - tu tham dinh truoc khi vao lenh
2026-07-10T18:02:58Z,crypto_eth,ethereum-above-1700-on-july-12-2026,"ETH > $1,700 luc 2026-07-12T16:00:00Z; spot $1,790, DVOL 50%; mua NO @0.016; RONG +0.064 sau phi",0.0639,,,0.9845,0.919,3769.9662339999995,21048.01857,mo hinh bo qua skew - tu tham dinh truoc khi vao lenh
2026-07-10T18:02:58Z,crypto_btc,bitcoin-above-66k-on-july-13-2026,"BTC > $66,000 luc 2026-07-13T16:00:00Z; spot $63,903, DVOL 37%; mua YES @0.090; RONG +0.062 sau phi",0.0624,,,0.085,0.1581,2701.121743,19671.0294,mo hinh bo qua skew - tu tham dinh truoc khi vao lenh
2026-07-10T18:02:58Z,crypto_btc,bitcoin-above-66k-on-july-14-2026,"BTC > $66,000 luc 2026-07-14T16:00:00Z; spot $63,903, DVOL 37%; mua YES @0.130; RONG +0.054 sau phi",0.0543,,,0.125,0.1923,577.078114,18933.2953,mo hinh bo qua skew - tu tham dinh truoc khi vao lenh
2026-07-10T18:02:58Z,negrisk_buy_all,clacton-by-election-nigel-farage-vote-20260708151424120,6 o | tong mua 0.918 + phi 0.029 = 0.947 | nhan 1.000 | RONG +0.053,0.0533,0.918,0.832,,,6935.001764999999,111867.13679,da tru phi taker; kiem tra do sau so lenh + gia con hieu luc
2026-07-10T18:02:58Z,crypto_eth,ethereum-above-1800-on-july-11-2026,"ETH > $1,800 luc 2026-07-11T16:00:00Z; spot $1,790, DVOL 50%; mua YES @0.340; RONG +0.047 sau phi",0.0472,,,0.335,0.4029,3909.72982,18838.2058,mo hinh bo qua skew - tu tham dinh truoc khi vao lenh
2026-07-10T18:02:58Z,negrisk_buy_all,where-will-the-next-next-round-of-us-iran-peace-talks-beptptpt-20260623023740663,19 o | tong mua 0.977 + phi 0.000 = 0.977 | nhan 1.000 | RONG +0.023,0.023,0.977,0.766,,,82523.88677000001,702219.35237,MIEN PHI (geopolitics); kiem tra do sau so lenh + gia con hieu luc
2026-07-10T18:02:58Z,negrisk_gan_dat,how-many-ships-transit-the-strait-of-hormuz-week-of-july-6-20260703173313706,5 o | mua 0.991 + phi 0.000 -> RONG +0.009 (thieu 0.001),0.009,0.991,0.822,,,28272.546347999996,93534.8245,CHUA DANG VAO - chi theo doi
2026-07-10T21:44:56Z,negrisk_buy_all,clacton-by-election-count-binface-vote-20260708142507718,5 o | tong mua 0.891 + phi 0.028 = 0.919 | nhan 1.000 | RONG +0.081,0.0814,0.891,0.773,,,11982.513874999999,103773.46766,da tru phi taker; kiem tra do sau so lenh + gia con hieu luc
2026-07-10T21:44:56Z,crypto_btc,bitcoin-above-62k-on-july-13-2026,"BTC > $62,000 luc 2026-07-13T16:00:00Z; spot $63,999, DVOL 36%; mua NO @0.080; RONG +0.077 sau phi",0.0773,,,0.925,0.8375,10497.252816999999,25657.3239,mo hinh bo qua skew - tu tham dinh truoc khi vao lenh
2026-07-10T21:44:56Z,crypto_btc,bitcoin-above-66k-on-july-13-2026,"BTC > $66,000 luc 2026-07-13T16:00:00Z; spot $63,999, DVOL 36%; mua YES @0.080; RONG +0.077 sau phi",0.0769,,,0.075,0.1621,2999.407456,20060.2521,mo hinh bo qua skew - tu tham dinh truoc khi vao lenh
2026-07-10T21:44:56Z,crypto_btc,bitcoin-above-62k-on-july-12-2026,"BTC > $62,000 luc 2026-07-12T16:00:00Z; spot $63,999, DVOL 36%; mua NO @0.030; RONG +0.075 sau phi",0.0755,,,0.9705,0.8925,23541.261186000003,27537.71889,mo hinh bo qua skew - tu tham dinh truoc khi vao lenh
2026-07-10T21:44:56Z,crypto_btc,bitcoin-above-62k-on-july-14-2026,"BTC > $62,000 luc 2026-07-14T16:00:00Z; spot $63,999, DVOL 36%; mua NO @0.120; RONG +0.074 sau phi",0.0735,,,0.885,0.7991,3802.2959,22127.8147,mo hinh bo qua skew - tu tham dinh truoc khi vao lenh
2026-07-10T21:44:56Z,crypto_btc,bitcoin-above-66k-on-july-12-2026,"BTC > $66,000 luc 2026-07-12T16:00:00Z; spot $63,999, DVOL 36%; mua YES @0.036; RONG +0.071 sau phi",0.0714,,,0.0235,0.1098,16460.996439000002,24422.57821,mo hinh bo qua skew - tu tham dinh truoc khi vao lenh
2026-07-10T21:44:56Z,negrisk_buy_all,clacton-by-election-nigel-farage-vote-20260708151424120,6 o | tong mua 0.918 + phi 0.029 = 0.947 | nhan 1.000 | RONG +0.053,0.0533,0.918,0.832,,,6915.791764999999,112433.28628,da tru phi taker; kiem tra do sau so lenh + gia con hieu luc
2026-07-10T21:44:56Z,crypto_btc,bitcoin-above-62k-on-july-15-2026,"BTC > $62,000 luc 2026-07-15T16:00:00Z; spot $63,999, DVOL 36%; mua NO @0.170; RONG +0.050 sau phi",0.0495,,,0.835,0.7706,612.542019,19523.6537,mo hinh bo qua skew - tu tham dinh truoc khi vao lenh
2026-07-10T21:44:56Z,crypto_btc,bitcoin-above-66k-on-july-14-2026,"BTC > $66,000 luc 2026-07-14T16:00:00Z; spot $63,999, DVOL 36%; mua YES @0.140; RONG +0.049 sau phi",0.0493,,,0.13,0.1977,749.688114,19148.3908,mo hinh bo qua skew - tu tham dinh truoc khi vao lenh
2026-07-10T21:44:56Z,crypto_eth,ethereum-above-1700-on-july-12-2026,"ETH > $1,700 luc 2026-07-12T16:00:00Z; spot $1,794, DVOL 50%; mua NO @0.012; RONG +0.048 sau phi",0.0484,,,0.9915,0.9388,7114.396234,21052.15227,mo hinh bo qua skew - tu tham dinh truoc khi vao lenh
2026-07-10T21:44:56Z,negrisk_gan_dat,bank-of-japan-decision-in-july-659,5 o | mua 1.007 + phi 0.001 -> RONG -0.008 (thieu 0.018),-0.0081,1.007,1.001,,,60281.917591,177710.43389,CHUA DANG VAO - chi theo doi
2026-07-10T21:44:56Z,negrisk_gan_dat,bank-of-russia-decision-in-july,3 o | mua 0.987 + phi 0.021 -> RONG -0.008 (thieu 0.018),-0.0084,0.987,0.953,,,6045.6827729999995,50414.85919,CHUA DANG VAO - chi theo doi
2026-07-11T06:32:39Z,crypto_btc,bitcoin-above-64k-on-july-11-2026,"BTC > $64,000 luc 2026-07-11T16:00:00Z; spot $64,204, DVOL 36%; mua NO @0.230; RONG +0.154 sau phi",0.1542,,,0.775,0.6035,79792.19908899999,27826.1935,mo hinh bo qua skew - tu tham dinh truoc khi vao lenh
2026-07-11T06:32:39Z,crypto_btc,bitcoin-above-66k-on-july-12-2026,"BTC > $66,000 luc 2026-07-12T16:00:00Z; spot $64,204, DVOL 36%; mua YES @0.025; RONG +0.079 sau phi",0.079,,,0.024,0.1057,18781.719491000003,27674.39563,mo hinh bo qua skew - tu tham dinh truoc khi vao lenh
2026-07-11T06:32:39Z,crypto_btc,bitcoin-above-66k-on-july-13-2026,"BTC > $66,000 luc 2026-07-13T16:00:00Z; spot $64,204, DVOL 36%; mua YES @0.090; RONG +0.073 sau phi",0.0728,,,0.085,0.1686,4477.647151,20462.1493,mo hinh bo qua skew - tu tham dinh truoc khi vao lenh
2026-07-11T06:32:39Z,crypto_btc,bitcoin-above-62k-on-july-14-2026,"BTC > $62,000 luc 2026-07-14T16:00:00Z; spot $64,204, DVOL 36%; mua NO @0.100; RONG +0.055 sau phi",0.0554,,,0.905,0.8383,4865.248162999999,22343.8227,mo hinh bo qua skew - tu tham dinh truoc khi vao lenh
2026-07-11T06:32:39Z,crypto_btc,bitcoin-above-62k-on-july-13-2026,"BTC > $62,000 luc 2026-07-13T16:00:00Z; spot $64,204, DVOL 36%; mua NO @0.060; RONG +0.055 sau phi",0.0547,,,0.945,0.8813,10274.382400999999,26340.3529,mo hinh bo qua skew - tu tham dinh truoc khi vao lenh
2026-07-11T06:32:39Z,crypto_btc,bitcoin-above-64k-on-july-12-2026,"BTC > $64,000 luc 2026-07-12T16:00:00Z; spot $64,204, DVOL 36%; mua NO @0.380; RONG +0.051 sau phi",0.0512,,,0.625,0.5523,6248.100726000001,27936.739,mo hinh bo qua skew - tu tham dinh truoc khi vao lenh
2026-07-11T06:32:39Z,crypto_btc,bitcoin-above-66k-on-july-14-2026,"BTC > $66,000 luc 2026-07-14T16:00:00Z; spot $64,204, DVOL 36%; mua YES @0.150; RONG +0.050 sau phi",0.0497,,,0.145,0.2086,2253.775289,19272.3291,mo hinh bo qua skew - tu tham dinh truoc khi vao lenh
2026-07-11T06:32:39Z,negrisk_buy_all,emmys-2026-outstanding-supporting-actress-in-a-drama-series,7 o | tong mua 0.934 + phi 0.024 = 0.958 | nhan 1.000 | RONG +0.042,0.0419,0.934,0.701,,,4658.109457,26406.60102,da tru phi taker; kiem tra do sau so lenh + gia con hieu luc
2026-07-11T10:47:09Z,crypto_btc,bitcoin-above-64k-on-july-11-2026,"BTC > $64,000 luc 2026-07-11T16:00:00Z; spot $64,131, DVOL 36%; mua NO @0.250; RONG +0.146 sau phi",0.1459,,,0.755,0.591,90789.70446599997,28090.4224,mo hinh bo qua skew - tu tham dinh truoc khi vao lenh
2026-07-11T10:47:09Z,crypto_btc,bitcoin-above-62k-on-july-14-2026,"BTC > $62,000 luc 2026-07-14T16:00:00Z; spot $64,131, DVOL 36%; mua NO @0.090; RONG +0.066 sau phi",0.066,,,0.915,0.8383,3969.8677319999997,22108.6019,mo hinh bo qua skew - tu tham dinh truoc khi vao lenh
2026-07-11T10:47:09Z,crypto_btc,bitcoin-above-66k-on-july-13-2026,"BTC > $66,000 luc 2026-07-13T16:00:00Z; spot $64,131, DVOL 36%; mua YES @0.080; RONG +0.064 sau phi",0.0636,,,0.075,0.1487,5128.028020999999,20096.945,mo hinh bo qua skew - tu tham dinh truoc khi vao lenh
2026-07-11T10:47:09Z,crypto_btc,bitcoin-above-66k-on-july-14-2026,"BTC > $66,000 luc 2026-07-14T16:00:00Z; spot $64,131, DVOL 36%; mua YES @0.130; RONG +0.054 sau phi",0.0542,,,0.125,0.1921,2036.970289,19182.7159,mo hinh bo qua skew - tu tham dinh truoc khi vao lenh
2026-07-11T10:47:09Z,crypto_btc,bitcoin-above-66k-on-july-12-2026,"BTC > $66,000 luc 2026-07-12T16:00:00Z; spot $64,131, DVOL 36%; mua YES @0.027; RONG +0.052 sau phi",0.0523,,,0.0245,0.0811,21998.464916999998,24329.8737,mo hinh bo qua skew - tu tham dinh truoc khi vao lenh
2026-07-11T10:47:09Z,crypto_btc,bitcoin-above-62k-on-july-13-2026,"BTC > $62,000 luc 2026-07-13T16:00:00Z; spot $64,131, DVOL 36%; mua NO @0.060; RONG +0.052 sau phi",0.052,,,0.95,0.8841,9851.00186,25930.8912,mo hinh bo qua skew - tu tham dinh truoc khi vao lenh
2026-07-11T10:47:09Z,crypto_eth,ethereum-above-1800-on-july-11-2026,"ETH > $1,800 luc 2026-07-11T16:00:00Z; spot $1,798, DVOL 50%; mua YES @0.390; RONG +0.048 sau phi",0.0482,,,0.385,0.4549,15645.282782000011,18303.5663,mo hinh bo qua skew - tu tham dinh truoc khi vao lenh
2026-07-11T10:47:09Z,crypto_btc,bitcoin-above-62k-on-july-15-2026,"BTC > $62,000 luc 2026-07-15T16:00:00Z; spot $64,131, DVOL 36%; mua NO @0.140; RONG +0.047 sau phi",0.0471,,,0.865,0.8045,547.720132,19349.4383,mo hinh bo qua skew - tu tham dinh truoc khi vao lenh
2026-07-11T10:47:09Z,crypto_eth,ethereum-above-1700-on-july-14-2026,"ETH > $1,700 luc 2026-07-14T16:00:00Z; spot $1,798, DVOL 50%; mua NO @0.070; RONG +0.046 sau phi",0.0456,,,0.945,0.8799,198,8316.0511,mo hinh bo qua skew - tu tham dinh truoc khi vao lenh
2026-07-11T10:47:09Z,crypto_eth,ethereum-above-1900-on-july-14-2026,"ETH > $1,900 luc 2026-07-14T16:00:00Z; spot $1,798, DVOL 50%; mua YES @0.067; RONG +0.042 sau phi",0.0417,,,0.0525,0.113,89.01710499999999,8510.4936,mo hinh bo qua skew - tu tham dinh truoc khi vao lenh
2026-07-11T10:47:09Z,negrisk_buy_all,what-will-the-median-home-value-in-the-los-angeles-metro-area-be-on-september-30-20260630173100174,7 o | tong mua 0.927 + phi 0.036 = 0.963 | nhan 1.000 | RONG +0.037,0.0368,0.927,0.783,,,4534.907295,19510.03293,da tru phi taker; kiem tra do sau so lenh + gia con hieu luc
2026-07-11T10:47:09Z,negrisk_gan_dat,maduro-prison-time-527,5 o | mua 0.994 + phi 0.000 -> RONG +0.006 (thieu 0.004),0.006,0.994,0.933,,,24696.02,139210.70025,CHUA DANG VAO - chi theo doi
2026-07-11T10:47:09Z,negrisk_gan_dat,bank-of-brazil-decision-in-august,5 o | mua 0.991 + phi 0.010 -> RONG -0.001 (thieu 0.011),-0.0014,0.991,0.966,,,7562.704532999999,73439.15234,CHUA DANG VAO - chi theo doi
2026-07-11T14:40:22Z,negrisk_sell_all,2026-mlb-all-star-futures-game-mvp-20260709221135448,"61 o, tong bid 1.176 > 1 (chua tru phi)",0.176,37.742,1.176,,,4791.78,3233.46355,can split co phan (nang cao) - chi tham khao
2026-07-11T14:40:22Z,crypto_btc,bitcoin-above-64k-on-july-12-2026,"BTC > $64,000 luc 2026-07-12T16:00:00Z; spot $64,417, DVOL 36%; mua NO @0.250; RONG +0.108 sau phi",0.1083,,,0.755,0.6285,7399.177115000002,18906.9945,mo hinh bo qua skew - tu tham dinh truoc khi vao lenh
2026-07-11T14:40:22Z,crypto_btc,bitcoin-above-66k-on-july-12-2026,"BTC > $66,000 luc 2026-07-12T16:00:00Z; spot $64,417, DVOL 36%; mua YES @0.031; RONG +0.069 sau phi",0.0685,,,0.0285,0.1016,24785.785675,23487.01889,mo hinh bo qua skew - tu tham dinh truoc khi vao lenh
2026-07-11T14:40:22Z,crypto_btc,bitcoin-above-66k-on-july-13-2026,"BTC > $66,000 luc 2026-07-13T16:00:00Z; spot $64,417, DVOL 36%; mua YES @0.110; RONG +0.062 sau phi",0.0624,,,0.105,0.1792,4986.013317,14591.1625,mo hinh bo qua skew - tu tham dinh truoc khi vao lenh
2026-07-11T14:40:22Z,crypto_btc,bitcoin-above-66k-on-july-14-2026,"BTC > $66,000 luc 2026-07-14T16:00:00Z; spot $64,417, DVOL 36%; mua YES @0.160; RONG +0.055 sau phi",0.0547,,,0.155,0.2241,3541.8396150000003,14088.9747,mo hinh bo qua skew - tu tham dinh truoc khi vao lenh
2026-07-11T14:40:22Z,crypto_btc,bitcoin-above-62k-on-july-14-2026,"BTC > $62,000 luc 2026-07-14T16:00:00Z; spot $64,417, DVOL 36%; mua NO @0.070; RONG +0.050 sau phi",0.05,,,0.935,0.8754,4294.564681999999,17450.3033,mo hinh bo qua skew - tu tham dinh truoc khi vao lenh
2026-07-11T14:40:22Z,crypto_btc,bitcoin-above-64k-on-july-11-2026,"BTC > $64,000 luc 2026-07-11T16:00:00Z; spot $64,417, DVOL 36%; mua NO @0.020; RONG +0.049 sau phi",0.049,,,0.9815,0.9296,106281.34130199994,24279.01232,mo hinh bo qua skew - tu tham dinh truoc khi vao lenh
2026-07-11T14:40:22Z,crypto_btc,bitcoin-above-64k-on-july-13-2026,"BTC > $64,000 luc 2026-07-13T16:00:00Z; spot $64,417, DVOL 36%; mua NO @0.350; RONG +0.044 sau phi",0.0437,,,0.655,0.5904,2458.404939,19952.2326,mo hinh bo qua skew - tu tham dinh truoc khi vao lenh
2026-07-11T14:40:22Z,negrisk_gan_dat,maduro-prison-time-527,5 o | mua 0.994 + phi 0.000 -> RONG +0.006 (thieu 0.004),0.006,0.994,0.926,,,24746.02,134601.94453,CHUA DANG VAO - chi theo doi
2026-07-11T18:13:57Z,negrisk_sell_all,2026-mlb-all-star-futures-game-mvp-20260709221135448,"61 o, tong bid 1.238 > 1 (chua tru phi)",0.238,36.643,1.238,,,6135.98,4343.27187,can split co phan (nang cao) - chi tham khao
2026-07-11T18:13:57Z,crypto_eth,ethereum-above-1800-on-july-12-2026,"ETH > $1,800 luc 2026-07-12T16:00:00Z; spot $1,823, DVOL 50%; mua NO @0.210; RONG +0.085 sau phi",0.0854,,,0.795,0.693,3805.960121999999,17507.8076,mo hinh bo qua skew - tu tham dinh truoc khi vao lenh
2026-07-11T18:13:57Z,crypto_btc,bitcoin-above-64k-on-july-12-2026,"BTC > $64,000 luc 2026-07-12T16:00:00Z; spot $64,273, DVOL 36%; mua NO @0.330; RONG +0.064 sau phi",0.0641,,,0.675,0.5904,19681.14763299999,26009.0112,mo hinh bo qua skew - tu tham dinh truoc khi vao lenh
2026-07-11T18:13:57Z,crypto_btc,bitcoin-above-66k-on-july-12-2026,"BTC > $66,000 luc 2026-07-12T16:00:00Z; spot $64,273, DVOL 36%; mua YES @0.023; RONG +0.044 sau phi",0.0438,,,0.022,0.0684,36564.825999,28453.45516,mo hinh bo qua skew - tu tham dinh truoc khi vao lenh
2026-07-11T18:13:57Z,negrisk_gan_dat,maduro-prison-time-527,5 o | mua 1.004 + phi 0.000 -> RONG -0.004 (thieu 0.014),-0.004,1.004,0.932,,,24846.02,136239.35813,CHUA DANG VAO - chi theo doi
2026-07-11T21:10:45Z,negrisk_sell_all,2026-mlb-all-star-futures-game-mvp-20260709221135448,"61 o, tong bid 1.125 > 1 (chua tru phi)",0.125,22.693,1.125,,,6682.9057379999995,5249.81538,can split co phan (nang cao) - chi tham khao
2026-07-11T21:10:45Z,crypto_eth,ethereum-above-1800-on-july-12-2026,"ETH > $1,800 luc 2026-07-12T16:00:00Z; spot $1,827, DVOL 50%; mua NO @0.160; RONG +0.091 sau phi",0.0915,,,0.845,0.7391,4566.739261999999,16903.8126,mo hinh bo qua skew - tu tham dinh truoc khi vao lenh
2026-07-11T21:10:45Z,crypto_btc,bitcoin-above-64k-on-july-12-2026,"BTC > $64,000 luc 2026-07-12T16:00:00Z; spot $64,366, DVOL 36%; mua NO @0.270; RONG +0.086 sau phi",0.0856,,,0.735,0.6306,21087.159120999993,27479.6504,mo hinh bo qua skew - tu tham dinh truoc khi vao lenh
2026-07-11T21:10:45Z,negrisk_gan_dat,maduro-prison-time-527,5 o | mua 0.991 + phi 0.000 -> RONG +0.009 (thieu 0.001),0.009,0.991,0.932,,,23213.02,136885.45204,CHUA DANG VAO - chi theo doi
2026-07-12T07:16:33Z,crypto_btc,bitcoin-above-62k-on-july-17-2026,"BTC > $62,000 luc 2026-07-17T16:00:00Z; spot $63,767, DVOL 36%; mua NO @0.190; RONG +0.068 sau phi",0.0678,,,0.815,0.7315,1682.7615419999997,9959.2984,mo hinh bo qua skew - tu tham dinh truoc khi vao lenh
2026-07-12T07:16:33Z,negrisk_buy_all,openai-ipo-closing-market-cap,7 o | tong mua 0.972 + phi 0.014 = 0.986 | nhan 1.000 | RONG +0.014,0.0139,0.972,0.88,,,3264.501642,94562.4459,da tru phi taker; kiem tra do sau so lenh + gia con hieu luc
2026-07-12T07:16:33Z,negrisk_gan_dat,reserve-bank-of-australia-decision-in-august,5 o | mua 0.986 + phi 0.006 -> RONG +0.008 (thieu 0.002),0.008,0.986,0.932,,,7023.733245,60935.9898,CHUA DANG VAO - chi theo doi
2026-07-12T11:42:35Z,crypto_btc,bitcoin-above-64k-on-july-12-2026,"BTC > $64,000 luc 2026-07-12T16:00:00Z; spot $63,955, DVOL 36%; mua NO @0.460; RONG +0.059 sau phi",0.0593,,,0.545,0.4634,61029.80321200002,20586.9734,mo hinh bo qua skew - tu tham dinh truoc khi vao lenh
2026-07-12T11:42:35Z,negrisk_buy_all,peoples-bank-of-china-rate-change-by-september-30-20260630000252021,3 o | tong mua 0.943 + phi 0.010 = 0.953 | nhan 1.000 | RONG +0.047,0.0472,0.943,0.912,,,7986.247351000001,40268.01321,da tru phi taker; kiem tra do sau so lenh + gia con hieu luc
2026-07-12T11:42:35Z,negrisk_gan_dat,openai-ipo-closing-market-cap,7 o | mua 0.982 + phi 0.015 -> RONG +0.003 (thieu 0.007),0.0035,0.982,0.874,,,3436.881642,91200.0433,CHUA DANG VAO - chi theo doi
2026-07-12T15:42:43Z,crypto_btc,bitcoin-above-64k-on-july-12-2026,"BTC > $64,000 luc 2026-07-12T16:00:00Z; spot $64,099, DVOL 36%; mua NO @0.060; RONG +0.164 sau phi",0.1643,,,0.951,0.7718,101135.637633,9737.08583,mo hinh bo qua skew - tu tham dinh truoc khi vao lenh
2026-07-12T20:09:09Z,negrisk_buy_all,clacton-by-election-count-binface-vote-20260708142507718,5 o | tong mua 0.937 + phi 0.029 = 0.966 | nhan 1.000 | RONG +0.034,0.0344,0.937,0.84,,,15669.278854,152901.28279,da tru phi taker; kiem tra do sau so lenh + gia con hieu luc
2026-07-12T20:09:09Z,negrisk_gan_dat,bank-of-japan-decision-in-september-20260616002734979,5 o | mua 0.996 + phi 0.010 -> RONG -0.006 (thieu 0.016),-0.0059,0.996,0.948,,,3516.495383,48436.78375,CHUA DANG VAO - chi theo doi
2026-07-12T23:36:22Z,negrisk_buy_all,emmys-2026-outstanding-guest-actor-in-a-comedy-series,6 o | tong mua 0.933 + phi 0.032 = 0.965 | nhan 1.000 | RONG +0.035,0.0349,0.933,0.511,,,3748.724547,15456.79003,da tru phi taker; kiem tra do sau so lenh + gia con hieu luc
2026-07-12T23:36:22Z,negrisk_buy_all,emmys-2026-outstanding-variety-series,5 o | tong mua 0.931 + phi 0.036 = 0.967 | nhan 1.000 | RONG +0.033,0.033,0.931,0.788,,,21341.950635,30102.53361,da tru phi taker; kiem tra do sau so lenh + gia con hieu luc
2026-07-12T23:36:22Z,negrisk_buy_all,how-many-seats-will-united-russia-win-in-the-next-russian-legislative-election,7 o | tong mua 0.989 + phi 0.000 = 0.989 | nhan 1.000 | RONG +0.011,0.011,0.989,0.882,,,6250.523008,234700.61602,MIEN PHI (geopolitics); kiem tra do sau so lenh + gia con hieu luc
2026-07-12T23:36:22Z,negrisk_gan_dat,of-views-of-next-mrbeast-video-on-day-1-20260706142915081,8 o | mua 0.967 + phi 0.031 -> RONG +0.002 (thieu 0.008),0.002,0.967,0.79,,,6849.266512,15599.17201,CHUA DANG VAO - chi theo doi
2026-07-12T23:36:22Z,negrisk_gan_dat,clacton-by-election-count-binface-vote-20260708142507718,5 o | mua 0.976 + phi 0.030 -> RONG -0.006 (thieu 0.016),-0.0055,0.976,0.864,,,15659.145161,162083.25943,CHUA DANG VAO - chi theo doi
2026-07-13T11:45:00Z,negrisk_buy_all,clacton-by-election-count-binface-vote-20260708142507718,5 o | tong mua 0.907 + phi 0.028 = 0.935 | nhan 1.000 | RONG +0.065,0.0648,0.907,0.844,,,19214.699881,211695.32816,da tru phi taker; kiem tra do sau so lenh + gia con hieu luc
2026-07-13T11:45:00Z,crypto_btc,bitcoin-above-62k-on-july-17-2026,"BTC > $62,000 luc 2026-07-17T16:00:00Z; spot $62,904, DVOL 38%; mua NO @0.310; RONG +0.042 sau phi",0.0416,,,0.695,0.6334,2485.3249220000002,15028.6475,mo hinh bo qua skew - tu tham dinh truoc khi vao lenh
2026-07-13T11:45:00Z,negrisk_gan_dat,how-many-jobs-added-in-july-20260702221813246,6 o | mua 0.957 + phi 0.038 -> RONG +0.005 (thieu 0.005),0.005,0.957,0.793,,,7047.2491310000005,31539.48156,CHUA DANG VAO - chi theo doi
2026-07-13T11:45:00Z,negrisk_gan_dat,which-month-will-strait-of-hormuz-traffic-return-to-normal-20260702155718114,7 o | mua 0.997 + phi 0.000 -> RONG +0.003 (thieu 0.007),0.003,0.997,0.812,,,10352.794267,222660.94665,CHUA DANG VAO - chi theo doi
2026-07-13T11:45:00Z,negrisk_gan_dat,how-many-seats-will-united-russia-win-in-the-next-russian-legislative-election,7 o | mua 1.001 + phi 0.000 -> RONG -0.001 (thieu 0.011),-0.001,1.001,0.861,,,5970.01,177379.92075,CHUA DANG VAO - chi theo doi
2026-07-13T18:22:45Z,negrisk_buy_all,clacton-by-election-count-binface-vote-20260708142507718,5 o | tong mua 0.906 + phi 0.028 = 0.934 | nhan 1.000 | RONG +0.066,0.0656,0.906,0.843,,,10242.390381000001,110644.58077,da tru phi taker; kiem tra do sau so lenh + gia con hieu luc
2026-07-13T18:22:45Z,negrisk_buy_all,which-month-will-strait-of-hormuz-traffic-return-to-normal-20260702155718114,7 o | tong mua 0.959 + phi 0.000 = 0.959 | nhan 1.000 | RONG +0.041,0.041,0.959,0.752,,,8649.734902,104060.77054,MIEN PHI (geopolitics); kiem tra do sau so lenh + gia con hieu luc
2026-07-13T18:22:45Z,negrisk_gan_dat,uel-ftc-vns-2026-07-16,3 o | mua 0.970 + phi 0.024 -> RONG +0.006 (thieu 0.004),0.0062,0.97,0.92,,,14702.128133999999,66945.834,CHUA DANG VAO - chi theo doi
2026-07-13T18:22:45Z,negrisk_gan_dat,bank-of-brazil-decision-in-august,5 o | mua 0.982 + phi 0.015 -> RONG +0.003 (thieu 0.007),0.0034,0.982,0.924,,,4397.139458000001,57481.31842,CHUA DANG VAO - chi theo doi
2026-07-13T18:22:45Z,negrisk_gan_dat,bank-of-japan-decision-in-july-659,5 o | mua 1.007 + phi 0.002 -> RONG -0.009 (thieu 0.019),-0.0089,1.007,0.991,,,4836.975429,106261.07751,CHUA DANG VAO - chi theo doi
2026-07-13T21:35:57Z,negrisk_buy_all,clacton-by-election-count-binface-vote-20260708142507718,5 o | tong mua 0.950 + phi 0.030 = 0.980 | nhan 1.000 | RONG +0.020,0.0204,0.95,0.897,,,10830.874002999999,179804.97787,da tru phi taker; kiem tra do sau so lenh + gia con hieu luc
2026-07-13T21:35:57Z,negrisk_gan_dat,bank-of-japan-decision-in-july-659,5 o | mua 1.007 + phi 0.002 -> RONG -0.009 (thieu 0.019),-0.0089,1.007,0.991,,,4800.8654289999995,110375.41257,CHUA DANG VAO - chi theo doi
2026-07-14T06:32:43Z,negrisk_gan_dat,clacton-by-election-count-binface-vote-20260708142507718,5 o | mua 0.960 + phi 0.030 -> RONG +0.010 (thieu 0.000),0.01,0.96,0.873,,,9733.883298,186387.95421,CHUA DANG VAO - chi theo doi
2026-07-14T06:32:43Z,negrisk_gan_dat,uel-ftc-vns-2026-07-16,3 o | mua 0.980 + phi 0.024 -> RONG -0.004 (thieu 0.014),-0.0041,0.98,0.95,,,16785.531218,64813.5011,CHUA DANG VAO - chi theo doi
2026-07-14T06:32:43Z,negrisk_gan_dat,which-month-will-strait-of-hormuz-traffic-return-to-normal-20260702155718114,7 o | mua 1.008 + phi 0.000 -> RONG -0.008 (thieu 0.018),-0.008,1.008,0.811,,,7449.954046,205049.3886,CHUA DANG VAO - chi theo doi
2026-07-14T06:32:43Z,negrisk_gan_dat,bank-of-england-decision-in-july,5 o | mua 1.006 + phi 0.003 -> RONG -0.009 (thieu 0.019),-0.0091,1.006,0.987,,,16295.161317000002,89305.89629,CHUA DANG VAO - chi theo doi
2026-07-14T12:02:39Z,crypto_btc,bitcoin-above-62k-on-july-14-2026,"BTC > $62,000 luc 2026-07-14T16:00:00Z; spot $62,776, DVOL 37%; mua YES @0.880; RONG +0.055 sau phi",0.0546,,,0.875,0.942,91026.08501099996,23607.1573,mo hinh bo qua skew - tu tham dinh truoc khi vao lenh
2026-07-14T12:02:39Z,crypto_btc,bitcoin-above-64k-on-july-14-2026,"BTC > $64,000 luc 2026-07-14T16:00:00Z; spot $62,776, DVOL 37%; mua NO @0.939; RONG +0.050 sau phi",0.0499,,,0.0655,0.0071,152955.01900399989,23191.1205,mo hinh bo qua skew - tu tham dinh truoc khi vao lenh
2026-07-14T12:02:39Z,crypto_eth,ethereum-above-1800-on-july-14-2026,"ETH > $1,800 luc 2026-07-14T16:00:00Z; spot $1,795, DVOL 51%; mua NO @0.530; RONG +0.047 sau phi",0.0466,,,0.475,0.4059,12913.090288,16988.7784,mo hinh bo qua skew - tu tham dinh truoc khi vao lenh
2026-07-14T12:02:39Z,negrisk_buy_all,fed-decisions-jun-sep,5 o | tong mua 0.964 + phi 0.025 = 0.989 | nhan 1.000 | RONG +0.011,0.0113,0.964,0.925,,,25795.761749,95158.66875,da tru phi taker; kiem tra do sau so lenh + gia con hieu luc
2026-07-14T16:48:21Z,crypto_btc,bitcoin-above-64k-on-july-15-2026,"BTC > $64,000 luc 2026-07-15T16:00:00Z; spot $64,713, DVOL 37%; mua NO @0.220; RONG +0.050 sau phi",0.0496,,,0.785,0.7183,80102.256474,24649.7551,mo hinh bo qua skew - tu tham dinh truoc khi vao lenh
2026-07-14T16:48:21Z,negrisk_gan_dat,fed-decision-in-october-20260617190323537,5 o | mua 0.964 + phi 0.027 -> RONG +0.009 (thieu 0.001),0.0086,0.964,0.929,,,9528.104333,229634.82874,CHUA DANG VAO - chi theo doi
2026-07-14T20:45:58Z,negrisk_gan_dat,bank-of-brazil-decision-in-august,5 o | mua 0.992 + phi 0.016 -> RONG -0.008 (thieu 0.018),-0.0077,0.992,0.893,,,3435.088013,63412.9089,CHUA DANG VAO - chi theo doi
2026-07-15T07:31:38Z,crypto_btc,bitcoin-above-64k-on-july-15-2026,"BTC > $64,000 luc 2026-07-15T16:00:00Z; spot $64,489, DVOL 36%; mua NO @0.190; RONG +0.052 sau phi",0.0521,,,0.815,0.7471,140661.08990699996,20430.4567,mo hinh bo qua skew - tu tham dinh truoc khi vao lenh
2026-07-15T07:31:38Z,crypto_btc,bitcoin-above-66k-on-july-15-2026,"BTC > $66,000 luc 2026-07-15T16:00:00Z; spot $64,489, DVOL 36%; mua NO @0.930; RONG +0.045 sau phi",0.0452,,,0.0705,0.0203,95017.95534699998,23851.02705,mo hinh bo qua skew - tu tham dinh truoc khi vao lenh
2026-07-15T07:31:38Z,negrisk_gan_dat,bank-of-brazil-decision-in-september-20260616232552895,5 o | mua 0.981 + phi 0.028 -> RONG -0.009 (thieu 0.019),-0.0092,0.981,0.719,,,8241.291284,20860.95606,CHUA DANG VAO - chi theo doi
2026-07-15T07:31:38Z,negrisk_gan_dat,fed-decisions-apr-jul,3 o | mua 1.002 + phi 0.007 -> RONG -0.009 (thieu 0.019),-0.0095,1.002,0.988,,,133471.18971100004,186645.2368,CHUA DANG VAO - chi theo doi
2026-07-15T12:58:23Z,crypto_eth,ethereum-above-1900-on-july-15-2026,"ETH > $1,900 luc 2026-07-15T16:00:00Z; spot $1,925, DVOL 49%; mua YES @0.740; RONG +0.175 sau phi",0.1752,,,0.735,0.9287,28675.00427400001,16084.188,mo hinh bo qua skew - tu tham dinh truoc khi vao lenh
2026-07-15T12:58:23Z,crypto_btc,bitcoin-above-66k-on-july-15-2026,"BTC > $66,000 luc 2026-07-15T16:00:00Z; spot $65,101, DVOL 36%; mua NO @0.922; RONG +0.053 sau phi",0.0526,,,0.08,0.0204,146733.03865799995,27208.30178,mo hinh bo qua skew - tu tham dinh truoc khi vao lenh
2026-07-15T17:51:51Z,crypto_btc,bitcoin-above-64k-on-july-16-2026,"BTC > $64,000 luc 2026-07-16T16:00:00Z; spot $64,975, DVOL 36%; mua NO @0.150; RONG +0.047 sau phi",0.0468,,,0.855,0.7942,23603.613488000003,15660.7717,mo hinh bo qua skew - tu tham dinh truoc khi vao lenh
2026-07-15T17:51:51Z,negrisk_gan_dat,fed-decisions-apr-jul,3 o | mua 1.002 + phi 0.004 -> RONG -0.006 (thieu 0.016),-0.0061,1.002,0.985,,,32133.218251,96199.21703,CHUA DANG VAO - chi theo doi
2026-07-15T17:51:51Z,negrisk_gan_dat,fed-decision-in-july-181,5 o | mua 1.005 + phi 0.005 -> RONG -0.010 (thieu 0.020),-0.0097,1.005,1.0,,,4221539.805699,4968759.48299,CHUA DANG VAO - chi theo doi
2026-07-15T21:41:27Z,negrisk_gan_dat,uel-ves-qar-2026-07-16,3 o | mua 0.994 + phi 0.011 -> RONG -0.005 (thieu 0.015),-0.0046,0.994,0.972,,,5029.994301,42334.65799,CHUA DANG VAO - chi theo doi
2026-07-16T07:30:45Z,negrisk_buy_all,gdp-growth-in-2026,6 o | tong mua 0.890 + phi 0.034 = 0.924 | nhan 1.000 | RONG +0.076,0.076,0.89,0.774,,,4397.005478,23948.27571,da tru phi taker; kiem tra do sau so lenh + gia con hieu luc
2026-07-16T07:30:45Z,crypto_btc,bitcoin-above-64k-on-july-16-2026,"BTC > $64,000 luc 2026-07-16T16:00:00Z; spot $64,453, DVOL 36%; mua NO @0.190; RONG +0.067 sau phi",0.0669,,,0.815,0.7324,52665.67534600001,19776.2663,mo hinh bo qua skew - tu tham dinh truoc khi vao lenh
2026-07-16T07:30:45Z,crypto_btc,bitcoin-above-62k-on-july-20-2026,"BTC > $62,000 luc 2026-07-20T16:00:00Z; spot $64,453, DVOL 36%; mua NO @0.110; RONG +0.051 sau phi",0.0513,,,0.895,0.8318,5304.484,18510.9571,mo hinh bo qua skew - tu tham dinh truoc khi vao lenh
2026-07-16T07:30:45Z,crypto_btc,bitcoin-above-62k-on-july-21-2026,"BTC > $62,000 luc 2026-07-21T16:00:00Z; spot $64,453, DVOL 36%; mua NO @0.140; RONG +0.046 sau phi",0.0457,,,0.865,0.8059,1454.776706,13294.288,mo hinh bo qua skew - tu tham dinh truoc khi vao lenh
2026-07-16T07:30:45Z,crypto_eth,ethereum-above-1900-on-july-16-2026,"ETH > $1,900 luc 2026-07-16T16:00:00Z; spot $1,916, DVOL 49%; mua NO @0.238; RONG +0.044 sau phi",0.0444,,,0.7745,0.7049,14587.203994999996,17725.69143,mo hinh bo qua skew - tu tham dinh truoc khi vao lenh
2026-07-16T07:30:45Z,crypto_btc,bitcoin-above-64k-on-july-17-2026,"BTC > $64,000 luc 2026-07-17T16:00:00Z; spot $64,453, DVOL 36%; mua NO @0.320; RONG +0.044 sau phi",0.0435,,,0.685,0.6212,16959.551295,23487.4306,mo hinh bo qua skew - tu tham dinh truoc khi vao lenh
2026-07-16T07:30:45Z,negrisk_buy_all,what-will-the-fed-rate-be-at-the-end-of-2026,15 o | tong mua 0.945 + phi 0.038 = 0.983 | nhan 1.000 | RONG +0.017,0.0173,0.945,0.91,,,5098.807924,303614.42662,da tru phi taker; kiem tra do sau so lenh + gia con hieu luc
2026-07-16T07:30:45Z,negrisk_gan_dat,avgpt-of-ships-transiting-strait-of-hormuz-end-of-july-20260626153158273,5 o | mua 0.991 + phi 0.000 -> RONG +0.009 (thieu 0.001),0.009,0.991,0.955,,,16852.440377,95559.29493,CHUA DANG VAO - chi theo doi
2026-07-16T13:07:32Z,crypto_eth,ethereum-above-1900-on-july-16-2026,"ETH > $1,900 luc 2026-07-16T16:00:00Z; spot $1,872, DVOL 49%; mua NO @0.890; RONG +0.058 sau phi",0.0582,,,0.1165,0.045,22898.643997,15889.35608,mo hinh bo qua skew - tu tham dinh truoc khi vao lenh
2026-07-16T13:07:32Z,negrisk_gan_dat,fed-decisions-apr-jul,3 o | mua 0.996 + phi 0.004 -> RONG +0.000 (thieu 0.010),0.0002,0.996,0.981,,,16041.819652000002,106885.6608,CHUA DANG VAO - chi theo doi
2026-07-16T13:07:32Z,negrisk_gan_dat,fed-decision-in-october-20260617190323537,5 o | mua 0.980 + phi 0.024 -> RONG -0.004 (thieu 0.014),-0.0043,0.98,0.946,,,16907.751351,251362.0619,CHUA DANG VAO - chi theo doi
2026-07-16T17:49:04Z,negrisk_gan_dat,fed-decision-in-october-20260617190323537,5 o | mua 0.979 + phi 0.024 -> RONG -0.003 (thieu 0.013),-0.0033,0.979,0.947,,,15918.344783999999,238475.90407,CHUA DANG VAO - chi theo doi
2026-07-16T17:49:04Z,negrisk_gan_dat,fed-decisions-apr-jul,3 o | mua 1.000 + phi 0.004 -> RONG -0.004 (thieu 0.014),-0.004,1.0,0.992,,,14613.655611,96246.45176,CHUA DANG VAO - chi theo doi
2026-07-16T22:13:32Z,negrisk_gan_dat,fed-decision-in-october-20260617190323537,5 o | mua 0.979 + phi 0.024 -> RONG -0.003 (thieu 0.013),-0.0028,0.979,0.947,,,16031.535467,254660.09929,CHUA DANG VAO - chi theo doi
2026-07-16T22:13:32Z,negrisk_gan_dat,fed-decisions-apr-jul,3 o | mua 1.000 + phi 0.004 -> RONG -0.004 (thieu 0.014),-0.004,1.0,0.992,,,14449.635611,94540.94014,CHUA DANG VAO - chi theo doi
2026-07-16T22:13:32Z,negrisk_gan_dat,avgpt-of-ships-transiting-strait-of-hormuz-end-of-july-20260626153158273,5 o | mua 1.007 + phi 0.000 -> RONG -0.007 (thieu 0.017),-0.007,1.007,0.927,,,18516.911388,141465.4472,CHUA DANG VAO - chi theo doi
2026-07-17T06:41:04Z,negrisk_gan_dat,fed-decisions-apr-jul,3 o | mua 1.005 + phi 0.004 -> RONG -0.009 (thieu 0.019),-0.0089,1.005,0.999,,,5246.327719,150826.49676,CHUA DANG VAO - chi theo doi
2026-07-17T06:41:04Z,negrisk_gan_dat,fed-decision-in-july-181,5 o | mua 1.005 + phi 0.004 -> RONG -0.009 (thieu 0.019),-0.0094,1.005,1.0,,,2478034.2947209994,5027534.14884,CHUA DANG VAO - chi theo doi
2026-07-17T11:58:16Z,crypto_btc,bitcoin-above-66k-on-july-21-2026,"BTC > $66,000 luc 2026-07-21T16:00:00Z; spot $63,277, DVOL 36%; mua YES @0.080; RONG +0.049 sau phi",0.0486,,,0.075,0.1337,2041.069318,16613.1447,mo hinh bo qua skew - tu tham dinh truoc khi vao lenh
2026-07-17T11:58:16Z,negrisk_gan_dat,anthropic-ipo-closing-market-cap-979,7 o | mua 0.973 + phi 0.029 -> RONG -0.002 (thieu 0.012),-0.002,0.973,0.785,,,4920.626228,76849.56129,CHUA DANG VAO - chi theo doi
2026-07-17T11:58:16Z,negrisk_gan_dat,fed-decision-in-july-181,5 o | mua 1.003 + phi 0.004 -> RONG -0.007 (thieu 0.017),-0.0073,1.003,0.998,,,1929252.0513589992,4911149.72082,CHUA DANG VAO - chi theo doi
2026-07-17T11:58:16Z,negrisk_gan_dat,fed-decisions-apr-jul,3 o | mua 1.005 + phi 0.004 -> RONG -0.009 (thieu 0.019),-0.0089,1.005,0.999,,,5206.8677800000005,150350.15035,CHUA DANG VAO - chi theo doi
2026-07-17T16:42:38Z,crypto_btc,bitcoin-above-66k-on-july-21-2026,"BTC > $66,000 luc 2026-07-21T16:00:00Z; spot $63,432, DVOL 36%; mua YES @0.080; RONG +0.056 sau phi",0.0561,,,0.075,0.1412,3402.762963,16910.7252,mo hinh bo qua skew - tu tham dinh truoc khi vao lenh
2026-07-17T16:42:38Z,crypto_btc,bitcoin-above-62k-on-july-20-2026,"BTC > $62,000 luc 2026-07-20T16:00:00Z; spot $63,432, DVOL 36%; mua NO @0.180; RONG +0.056 sau phi",0.056,,,0.825,0.7536,15686.782315999999,20827.3188,mo hinh bo qua skew - tu tham dinh truoc khi vao lenh
2026-07-17T16:42:38Z,crypto_btc,bitcoin-above-66k-on-july-20-2026,"BTC > $66,000 luc 2026-07-20T16:00:00Z; spot $63,432, DVOL 36%; mua YES @0.057; RONG +0.047 sau phi",0.0473,,,0.055,0.108,8674.059707,18727.35309,mo hinh bo qua skew - tu tham dinh truoc khi vao lenh
2026-07-17T16:42:38Z,crypto_btc,bitcoin-above-62k-on-july-21-2026,"BTC > $62,000 luc 2026-07-21T16:00:00Z; spot $63,432, DVOL 36%; mua NO @0.220; RONG +0.046 sau phi",0.046,,,0.785,0.7219,7584.499826999999,18015.8488,mo hinh bo qua skew - tu tham dinh truoc khi vao lenh
2026-07-17T16:42:38Z,negrisk_buy_all,clacton-by-election-count-binface-vote-20260708142507718,5 o | tong mua 0.938 + phi 0.029 = 0.967 | nhan 1.000 | RONG +0.033,0.0335,0.938,0.821,,,10304.319432000002,161158.58789,da tru phi taker; kiem tra do sau so lenh + gia con hieu luc
2026-07-18T05:51:03Z,crypto_eth,ethereum-above-1800-on-july-20-2026,"ETH > $1,800 luc 2026-07-20T16:00:00Z; spot $1,846, DVOL 49%; mua NO @0.190; RONG +0.068 sau phi",0.068,,,0.815,0.7312,7716.021474000001,15693.2306,mo hinh bo qua skew - tu tham dinh truoc khi vao lenh
2026-07-18T05:51:03Z,crypto_btc,bitcoin-above-62k-on-july-20-2026,"BTC > $62,000 luc 2026-07-20T16:00:00Z; spot $63,929, DVOL 36%; mua NO @0.090; RONG +0.058 sau phi",0.0577,,,0.915,0.8466,21838.643145000002,18942.1023,mo hinh bo qua skew - tu tham dinh truoc khi vao lenh
2026-07-18T05:51:03Z,crypto_eth,ethereum-above-1800-on-july-21-2026,"ETH > $1,800 luc 2026-07-21T16:00:00Z; spot $1,846, DVOL 49%; mua NO @0.240; RONG +0.052 sau phi",0.0517,,,0.765,0.6956,4191.990624999999,15174.7637,mo hinh bo qua skew - tu tham dinh truoc khi vao lenh
2026-07-18T05:51:03Z,crypto_btc,bitcoin-above-66k-on-july-20-2026,"BTC > $66,000 luc 2026-07-20T16:00:00Z; spot $63,929, DVOL 36%; mua YES @0.081; RONG +0.051 sau phi",0.0508,,,0.0755,0.137,13096.635277000001,17517.40339,mo hinh bo qua skew - tu tham dinh truoc khi vao lenh
2026-07-18T05:51:03Z,crypto_eth,ethereum-above-1900-on-july-20-2026,"ETH > $1,900 luc 2026-07-20T16:00:00Z; spot $1,846, DVOL 49%; mua YES @0.170; RONG +0.051 sau phi",0.0505,,,0.165,0.2304,8882.72969,15687.2849,mo hinh bo qua skew - tu tham dinh truoc khi vao lenh
2026-07-18T05:51:03Z,crypto_btc,bitcoin-above-62k-on-july-21-2026,"BTC > $62,000 luc 2026-07-21T16:00:00Z; spot $63,929, DVOL 36%; mua NO @0.140; RONG +0.048 sau phi",0.0479,,,0.865,0.8036,12609.111429999997,17603.4754,mo hinh bo qua skew - tu tham dinh truoc khi vao lenh
2026-07-18T05:51:03Z,negrisk_buy_all,fed-decision-in-october-20260617190323537,5 o | tong mua 0.959 + phi 0.024 = 0.983 | nhan 1.000 | RONG +0.017,0.0175,0.959,0.927,,,3850.348159,266435.12328,da tru phi taker; kiem tra do sau so lenh + gia con hieu luc
2026-07-18T05:51:03Z,negrisk_buy_all,how-many-seats-will-united-russia-win-in-the-next-russian-legislative-election,7 o | tong mua 0.986 + phi 0.000 = 0.986 | nhan 1.000 | RONG +0.014,0.014,0.986,0.872,,,5997.25,163355.674,MIEN PHI (geopolitics); kiem tra do sau so lenh + gia con hieu luc
2026-07-18T05:51:03Z,negrisk_gan_dat,clacton-by-election-count-binface-vote-20260708142507718,5 o | mua 0.967 + phi 0.029 -> RONG +0.004 (thieu 0.006),0.0042,0.967,0.859,,,8087.438288,171337.1367,CHUA DANG VAO - chi theo doi
2026-07-18T10:47:43Z,negrisk_buy_all,how-many-seats-will-united-russia-win-in-the-next-russian-legislative-election,7 o | tong mua 0.937 + phi 0.000 = 0.937 | nhan 1.000 | RONG +0.063,0.063,0.937,0.828,,,8244.24,124771.01472,MIEN PHI (geopolitics); kiem tra do sau so lenh + gia con hieu luc
2026-07-18T10:47:43Z,crypto_eth,ethereum-above-1800-on-july-20-2026,"ETH > $1,800 luc 2026-07-20T16:00:00Z; spot $1,844, DVOL 49%; mua NO @0.200; RONG +0.060 sau phi",0.0602,,,0.81,0.7286,7540.618016000001,8941.9862,mo hinh bo qua skew - tu tham dinh truoc khi vao lenh
2026-07-18T10:47:43Z,crypto_btc,bitcoin-above-66k-on-july-20-2026,"BTC > $66,000 luc 2026-07-20T16:00:00Z; spot $63,962, DVOL 36%; mua YES @0.070; RONG +0.057 sau phi",0.0568,,,0.065,0.1314,13604.303327000003,11262.06679,mo hinh bo qua skew - tu tham dinh truoc khi vao lenh
2026-07-18T10:47:43Z,crypto_eth,ethereum-above-1900-on-july-20-2026,"ETH > $1,900 luc 2026-07-20T16:00:00Z; spot $1,844, DVOL 49%; mua YES @0.150; RONG +0.052 sau phi",0.0516,,,0.14,0.2106,8880.681502000001,9149.6718,mo hinh bo qua skew - tu tham dinh truoc khi vao lenh
2026-07-18T10:47:43Z,crypto_btc,bitcoin-above-62k-on-july-21-2026,"BTC > $62,000 luc 2026-07-21T16:00:00Z; spot $63,962, DVOL 36%; mua NO @0.130; RONG +0.048 sau phi",0.0477,,,0.875,0.8144,6486.537136999999,10582.4626,mo hinh bo qua skew - tu tham dinh truoc khi vao lenh
2026-07-18T10:47:43Z,crypto_btc,bitcoin-above-62k-on-july-20-2026,"BTC > $62,000 luc 2026-07-20T16:00:00Z; spot $63,962, DVOL 36%; mua NO @0.090; RONG +0.044 sau phi",0.0435,,,0.915,0.8607,16037.712845,12794.0081,mo hinh bo qua skew - tu tham dinh truoc khi vao lenh
2026-07-18T10:47:43Z,negrisk_buy_all,clacton-by-election-count-binface-vote-20260708142507718,5 o | tong mua 0.945 + phi 0.028 = 0.973 | nhan 1.000 | RONG +0.027,0.0265,0.945,0.848,,,6387.443381,140199.49983,da tru phi taker; kiem tra do sau so lenh + gia con hieu luc
2026-07-18T10:47:43Z,negrisk_buy_all,fed-decision-in-october-20260617190323537,5 o | tong mua 0.958 + phi 0.023 = 0.981 | nhan 1.000 | RONG +0.019,0.0185,0.958,0.926,,,4379.381421,269820.87971,da tru phi taker; kiem tra do sau so lenh + gia con hieu luc
2026-07-18T18:14:28Z,crypto_eth,ethereum-above-1800-on-july-20-2026,"ETH > $1,800 luc 2026-07-20T16:00:00Z; spot $1,849, DVOL 49%; mua NO @0.170; RONG +0.050 sau phi",0.0498,,,0.845,0.7703,3119.482209,15389.563,mo hinh bo qua skew - tu tham dinh truoc khi vao lenh
2026-07-18T18:14:28Z,crypto_eth,ethereum-above-1900-on-july-20-2026,"ETH > $1,900 luc 2026-07-20T16:00:00Z; spot $1,849, DVOL 49%; mua YES @0.160; RONG +0.050 sau phi",0.0498,,,0.145,0.2192,10423.615778000003,15718.8016,mo hinh bo qua skew - tu tham dinh truoc khi vao lenh
2026-07-18T18:14:28Z,negrisk_gan_dat,best-ai-model-on-august-1-20260717010751015,4 o | mua 0.997 + phi 0.007 -> RONG -0.004 (thieu 0.014),-0.0042,0.997,0.869,,,8515.405385,11237.04137,CHUA DANG VAO - chi theo doi
2026-07-18T21:09:31Z,crypto_eth,ethereum-above-1800-on-july-20-2026,"ETH > $1,800 luc 2026-07-20T16:00:00Z; spot $1,855, DVOL 49%; mua NO @0.120; RONG +0.068 sau phi",0.0678,,,0.885,0.8048,4084.9724889999998,15515.5507,mo hinh bo qua skew - tu tham dinh truoc khi vao lenh
2026-07-18T21:09:31Z,crypto_btc,bitcoin-above-66k-on-july-20-2026,"BTC > $66,000 luc 2026-07-20T16:00:00Z; spot $64,612, DVOL 36%; mua YES @0.139; RONG +0.046 sau phi",0.0463,,,0.1385,0.1937,5099.219301,17145.86449,mo hinh bo qua skew - tu tham dinh truoc khi vao lenh
2026-07-18T21:09:31Z,crypto_btc,bitcoin-above-64k-on-july-20-2026,"BTC > $64,000 luc 2026-07-20T16:00:00Z; spot $64,612, DVOL 36%; mua NO @0.300; RONG +0.041 sau phi",0.0412,,,0.705,0.6441,12850.340366999999,21259.5696,mo hinh bo qua skew - tu tham dinh truoc khi vao lenh
2026-07-18T21:09:31Z,negrisk_sell_all,fifwc-fra-eng-2026-07-18-halftime-result,"3 o, tong bid 1.040 > 1 (chua tru phi)",0.04,1.09,1.04,,,282264.516797,297667.1587,can split co phan (nang cao) - chi tham khao
2026-07-18T21:09:31Z,negrisk_gan_dat,fed-decision-in-july-181,5 o | mua 1.004 + phi 0.005 -> RONG -0.009 (thieu 0.019),-0.0093,1.004,0.997,,,1753710.6017590002,4139996.91916,CHUA DANG VAO - chi theo doi
2026-07-19T11:35:34Z,negrisk_buy_all,clacton-by-election-count-binface-vote-20260708142507718,5 o | tong mua 0.927 + phi 0.028 = 0.955 | nhan 1.000 | RONG +0.045,0.0452,0.927,0.838,,,6140.618006,115397.70615,da tru phi taker; kiem tra do sau so lenh + gia con hieu luc
2026-07-19T11:35:34Z,negrisk_buy_all,fed-decision-in-october-20260617190323537,5 o | tong mua 0.960 + phi 0.024 = 0.984 | nhan 1.000 | RONG +0.016,0.0159,0.96,0.926,,,3910.113079,300245.05247,da tru phi taker; kiem tra do sau so lenh + gia con hieu luc
2026-07-19T11:35:34Z,negrisk_gan_dat,fed-decision-in-july-181,5 o | mua 1.004 + phi 0.005 -> RONG -0.009 (thieu 0.019),-0.0094,1.004,0.999,,,1128322.173521,4204356.9412,CHUA DANG VAO - chi theo doi
2026-07-19T11:35:34Z,negrisk_gan_dat,where-will-2026-rank-among-the-hottest-years-on-record,6 o | mua 0.984 + phi 0.026 -> RONG -0.010 (thieu 0.020),-0.0097,0.984,0.928,,,40062.592586,97067.20177,CHUA DANG VAO - chi theo doi
2026-07-19T15:40:19Z,negrisk_gan_dat,fed-decision-in-october-20260617190323537,5 o | mua 0.968 + phi 0.026 -> RONG +0.006 (thieu 0.004),0.006,0.968,0.881,,,19920.739273,222582.82465,CHUA DANG VAO - chi theo doi
2026-07-19T15:40:19Z,negrisk_gan_dat,how-many-world-cup-matches-will-trump-attend-20260610185739769,2 o | mua 1.006 + phi 0.002 -> RONG -0.008 (thieu 0.018),-0.008,1.006,0.995,,,51139.627002,68118.39838,CHUA DANG VAO - chi theo doi
2026-07-19T15:40:19Z,negrisk_gan_dat,bank-of-mexico-decision-in-august,5 o | mua 0.997 + phi 0.012 -> RONG -0.009 (thieu 0.019),-0.0088,0.997,0.966,,,18791.882824,57680.7265,CHUA DANG VAO - chi theo doi
2026-07-19T15:40:19Z,negrisk_gan_dat,where-will-2026-rank-among-the-hottest-years-on-record,6 o | mua 0.984 + phi 0.026 -> RONG -0.010 (thieu 0.020),-0.0097,0.984,0.928,,,40619.045918,96159.54349,CHUA DANG VAO - chi theo doi
2026-07-19T20:11:10Z,negrisk_buy_all,fed-decision-in-october-20260617190323537,5 o | tong mua 0.946 + phi 0.026 = 0.972 | nhan 1.000 | RONG +0.028,0.0278,0.946,0.911,,,20324.393535000003,232357.58495,da tru phi taker; kiem tra do sau so lenh + gia con hieu luc
2026-07-19T20:11:10Z,negrisk_gan_dat,fed-decision-in-july-181,5 o | mua 1.000 + phi 0.006 -> RONG -0.006 (thieu 0.016),-0.0058,1.0,0.99,,,749977.191833,4144689.76981,CHUA DANG VAO - chi theo doi
2026-07-19T23:41:22Z,negrisk_buy_all,clacton-by-election-count-binface-vote-20260708142507718,5 o | tong mua 0.936 + phi 0.028 = 0.964 | nhan 1.000 | RONG +0.036,0.0358,0.936,0.82,,,6501.37294,120845.66308,da tru phi taker; kiem tra do sau so lenh + gia con hieu luc
2026-07-19T23:41:22Z,negrisk_buy_all,fed-decision-in-october-20260617190323537,5 o | tong mua 0.956 + phi 0.027 = 0.983 | nhan 1.000 | RONG +0.017,0.0174,0.956,0.911,,,21321.179464,273622.90762,da tru phi taker; kiem tra do sau so lenh + gia con hieu luc
2026-07-20T11:24:36Z,negrisk_gan_dat,world-cup-final-trump-appearances-on-broadcast-20260716222408330,2 o | mua 1.009 + phi 0.000 -> RONG -0.009 (thieu 0.019),-0.0094,1.009,0.983,,,13320.881079,3566.68536,CHUA DANG VAO - chi theo doi
2026-07-20T16:52:26Z,negrisk_gan_dat,world-cup-final-trump-appearances-on-broadcast-20260716222408330,2 o | mua 1.009 + phi 0.000 -> RONG -0.009 (thieu 0.019),-0.0094,1.009,0.983,,,12308.854812,4215.25658,CHUA DANG VAO - chi theo doi
2026-07-21T07:43:21Z,negrisk_gan_dat,clacton-by-election-count-binface-vote-20260708142507718,5 o | mua 0.970 + phi 0.028 -> RONG +0.002 (thieu 0.008),0.0019,0.97,0.819,,,13195.81589,146986.56858,CHUA DANG VAO - chi theo doi
2026-07-21T13:06:35Z,negrisk_gan_dat,which-month-will-strait-of-hormuz-traffic-return-to-normal-20260702155718114,7 o | mua 1.000 + phi 0.000 -> RONG +0.000 (thieu 0.010),0.0,1.0,0.828,,,14120.289945,153870.33995,CHUA DANG VAO - chi theo doi
2026-07-21T21:49:28Z,crypto_eth,ethereum-above-1900-on-july-22-2026,"ETH > $1,900 luc 2026-07-22T16:00:00Z; spot $1,923, DVOL 51%; mua NO @0.240; RONG +0.052 sau phi",0.0521,,,0.765,0.6952,3482.4799910000006,20546.6012,mo hinh bo qua skew - tu tham dinh truoc khi vao lenh
2026-07-22T07:43:40Z,crypto_btc,bitcoin-above-64k-on-july-27-2026,"BTC > $64,000 luc 2026-07-27T16:00:00Z; spot $65,682, DVOL 38%; mua NO @0.240; RONG +0.042 sau phi",0.042,,,0.765,0.7052,256.612436,7116.1729,mo hinh bo qua skew - tu tham dinh truoc khi vao lenh
2026-07-22T07:43:40Z,negrisk_buy_all,clacton-by-election-nigel-farage-vote-20260708151424120,6 o | tong mua 0.951 + phi 0.030 = 0.981 | nhan 1.000 | RONG +0.019,0.0194,0.951,0.646,,,18113.921456,85283.34802,da tru phi taker; kiem tra do sau so lenh + gia con hieu luc
2026-07-22T15:21:15Z,crypto_btc,bitcoin-above-66k-on-july-22-2026,"BTC > $66,000 luc 2026-07-22T16:00:00Z; spot $65,998, DVOL 38%; mua YES @0.370; RONG +0.109 sau phi",0.1089,,,0.36,0.4952,88899.18233700002,18227.8067,mo hinh bo qua skew - tu tham dinh truoc khi vao lenh
2026-07-22T15:21:15Z,crypto_eth,ethereum-above-2000-on-july-23-2026,"ETH > $2,000 luc 2026-07-23T16:00:00Z; spot $1,950, DVOL 52%; mua YES @0.100; RONG +0.070 sau phi",0.0697,,,0.095,0.176,4055.014549,16043.2611,mo hinh bo qua skew - tu tham dinh truoc khi vao lenh
2026-07-22T15:21:15Z,crypto_btc,bitcoin-above-68k-on-july-26-2026,"BTC > $68,000 luc 2026-07-26T16:00:00Z; spot $65,998, DVOL 38%; mua YES @0.170; RONG +0.040 sau phi",0.0403,,,0.155,0.2201,892.540948,15344.7592,mo hinh bo qua skew - tu tham dinh truoc khi vao lenh
2026-07-22T20:02:05Z,crypto_btc,bitcoin-above-64k-on-july-26-2026,"BTC > $64,000 luc 2026-07-26T16:00:00Z; spot $65,880, DVOL 38%; mua NO @0.170; RONG +0.055 sau phi",0.0551,,,0.835,0.765,66.284704,10658.9278,mo hinh bo qua skew - tu tham dinh truoc khi vao lenh
2026-07-22T20:02:05Z,crypto_btc,bitcoin-above-68k-on-july-26-2026,"BTC > $68,000 luc 2026-07-26T16:00:00Z; spot $65,880, DVOL 38%; mua YES @0.150; RONG +0.044 sau phi",0.044,,,0.14,0.2029,2313.087088,20099.2184,mo hinh bo qua skew - tu tham dinh truoc khi vao lenh
