target_date,event_slug,city,unit,precision,station_kind,station_id,resolved_bucket,actual_c,actual_native,actual_source,verify_utc
2026-07-08,highest-temperature-in-atlanta-on-july-8-2026,atlanta,F,whole,metar,KATL,92-93°F,33.2,91.8,openmeteo_grid,2026-07-09T09:01:43Z
2026-07-08,highest-temperature-in-austin-on-july-8-2026,austin,F,whole,metar,KAUS,98-99°F,37.2,99.0,iem_metar,2026-07-09T09:01:43Z
2026-07-08,highest-temperature-in-chicago-on-july-8-2026,chicago,F,whole,metar,KORD,88-89°F,31.9,89.4,openmeteo_grid,2026-07-09T09:01:43Z
2026-07-08,highest-temperature-in-dallas-on-july-8-2026,dallas,F,whole,geocode,dallas,100-101°F,38.7,101.7,openmeteo_grid,2026-07-09T09:01:43Z
2026-07-08,highest-temperature-in-denver-on-july-8-2026,denver,F,whole,geocode,denver,92-93°F,34.2,93.6,openmeteo_grid,2026-07-09T09:01:43Z
2026-07-08,highest-temperature-in-houston-on-july-8-2026,houston,F,whole,metar,KHOU,92-93°F,34.3,93.7,openmeteo_grid,2026-07-09T09:01:43Z
2026-07-08,highest-temperature-in-los-angeles-on-july-8-2026,los-angeles,F,whole,metar,KLAX,74-75°F,23.3,74.0,iem_metar,2026-07-09T09:01:43Z
2026-07-08,highest-temperature-in-mexico-city-on-july-8-2026,mexico-city,C,whole,metar,MMMX,23°C,23.0,23.0,iem_metar,2026-07-09T09:01:43Z
2026-07-08,highest-temperature-in-miami-on-july-8-2026,miami,F,whole,metar,KMIA,92-93°F,31.8,89.2,openmeteo_grid,2026-07-09T09:01:43Z
2026-07-08,highest-temperature-in-nyc-on-july-8-2026,nyc,F,whole,metar,KLGA,86-87°F,30.6,87.0,iem_metar,2026-07-09T09:01:43Z
2026-07-08,highest-temperature-in-panama-city-on-july-8-2026,panama-city,C,whole,metar,MPMG,35°C,35.0,35.0,iem_metar,2026-07-09T09:01:43Z
2026-07-08,highest-temperature-in-san-francisco-on-july-8-2026,san-francisco,F,whole,metar,KSFO,64-65°F,18.3,65.0,iem_metar,2026-07-09T09:01:43Z
2026-07-08,highest-temperature-in-seattle-on-july-8-2026,seattle,F,whole,metar,KSEA,68-69°F,21.7,71.0,iem_metar,2026-07-09T09:01:43Z
2026-07-08,highest-temperature-in-toronto-on-july-8-2026,toronto,C,whole,metar,CYYZ,29°C,29.0,29.0,iem_metar,2026-07-09T09:01:43Z
2026-07-09,highest-temperature-in-amsterdam-on-july-9-2026,amsterdam,C,whole,metar,EHAM,24°C,24.0,24.0,iem_metar,2026-07-10T11:32:39Z
2026-07-09,highest-temperature-in-ankara-on-july-9-2026,ankara,C,whole,metar,LTAC,31°C,31.0,31.0,iem_metar,2026-07-10T11:32:39Z
2026-07-09,highest-temperature-in-atlanta-on-july-9-2026,atlanta,F,whole,metar,KATL,94-95°F,35.0,95.0,openmeteo_grid,2026-07-10T11:32:39Z
2026-07-09,highest-temperature-in-beijing-on-july-9-2026,beijing,C,whole,metar,ZBAA,35°C,35.0,35.0,iem_metar,2026-07-10T11:32:39Z
2026-07-09,highest-temperature-in-busan-on-july-9-2026,busan,C,whole,metar,RKPK,30°C,30.0,30.0,iem_metar,2026-07-10T11:32:39Z
2026-07-09,highest-temperature-in-cape-town-on-july-9-2026,cape-town,C,whole,metar,FACT,16°C,16.0,16.0,iem_metar,2026-07-10T11:32:39Z
2026-07-09,highest-temperature-in-chengdu-on-july-9-2026,chengdu,C,whole,metar,ZUUU,39°C,39.0,39.0,iem_metar,2026-07-10T11:32:39Z
2026-07-09,highest-temperature-in-chicago-on-july-9-2026,chicago,F,whole,metar,KORD,86-87°F,30.6,87.1,openmeteo_grid,2026-07-10T11:32:39Z
2026-07-09,highest-temperature-in-chongqing-on-july-9-2026,chongqing,C,whole,metar,ZUCK,38°C,38.0,38.0,iem_metar,2026-07-10T11:32:39Z
2026-07-09,highest-temperature-in-denver-on-july-9-2026,denver,F,whole,geocode,denver,90-91°F,33.0,91.4,openmeteo_grid,2026-07-10T11:32:39Z
2026-07-09,highest-temperature-in-guangzhou-on-july-9-2026,guangzhou,C,whole,metar,ZGGG,32°C,32.0,32.0,iem_metar,2026-07-10T11:32:39Z
2026-07-09,highest-temperature-in-helsinki-on-july-9-2026,helsinki,C,whole,metar,EFHK,19°C,19.0,19.0,iem_metar,2026-07-10T11:32:39Z
2026-07-09,highest-temperature-in-hong-kong-on-july-9-2026,hong-kong,C,decimal,hko,HKO,31°C,31.0,31.0,iem_vhhh_proxy,2026-07-10T11:32:39Z
2026-07-09,highest-temperature-in-houston-on-july-9-2026,houston,F,whole,metar,KHOU,92-93°F,34.5,94.1,openmeteo_grid,2026-07-10T11:32:39Z
2026-07-09,highest-temperature-in-istanbul-on-july-9-2026,istanbul,C,whole,geocode,istanbul,24°C,24.9,24.9,openmeteo_grid,2026-07-10T11:32:39Z
2026-07-09,highest-temperature-in-jeddah-on-july-9-2026,jeddah,C,whole,metar,OEJN,38°C,38.0,38.0,iem_metar,2026-07-10T11:32:39Z
2026-07-09,highest-temperature-in-karachi-on-july-9-2026,karachi,C,whole,metar,OPKC,34°C,34.0,34.0,iem_metar,2026-07-10T11:32:39Z
2026-07-09,highest-temperature-in-kuala-lumpur-on-july-9-2026,kuala-lumpur,C,whole,metar,WMKK,34°C,34.0,34.0,iem_metar,2026-07-10T11:32:39Z
2026-07-09,highest-temperature-in-london-on-july-9-2026,london,C,whole,metar,EGLC,34°C,34.0,34.0,iem_metar,2026-07-10T11:32:39Z
2026-07-09,highest-temperature-in-los-angeles-on-july-9-2026,los-angeles,F,whole,metar,KLAX,74-75°F,23.3,74.0,iem_metar,2026-07-10T11:32:39Z
2026-07-09,highest-temperature-in-lucknow-on-july-9-2026,lucknow,C,whole,metar,VILK,31°C,31.0,31.0,iem_metar,2026-07-10T11:32:39Z
2026-07-09,highest-temperature-in-madrid-on-july-9-2026,madrid,C,whole,metar,LEMD,38°C,38.0,38.0,iem_metar,2026-07-10T11:32:39Z
2026-07-09,highest-temperature-in-manila-on-july-9-2026,manila,C,whole,metar,RPLL,33°C,33.0,33.0,iem_metar,2026-07-10T11:32:39Z
2026-07-09,highest-temperature-in-mexico-city-on-july-9-2026,mexico-city,C,whole,metar,MMMX,23°C,23.0,23.0,iem_metar,2026-07-10T11:32:39Z
2026-07-09,highest-temperature-in-miami-on-july-9-2026,miami,F,whole,metar,KMIA,90-91°F,31.7,89.1,openmeteo_grid,2026-07-10T11:32:39Z
2026-07-09,highest-temperature-in-milan-on-july-9-2026,milan,C,whole,metar,LIMC,34°C,34.0,34.0,iem_metar,2026-07-10T11:32:39Z
2026-07-09,highest-temperature-in-moscow-on-july-9-2026,moscow,C,whole,geocode,moscow,20°C,20.5,20.5,openmeteo_grid,2026-07-10T11:32:39Z
2026-07-09,highest-temperature-in-munich-on-july-9-2026,munich,C,whole,metar,EDDM,26°C,26.0,26.0,iem_metar,2026-07-10T11:32:39Z
2026-07-09,highest-temperature-in-nyc-on-july-9-2026,nyc,F,whole,metar,KLGA,86-87°F,31.7,89.0,iem_metar,2026-07-10T11:32:39Z
2026-07-09,highest-temperature-in-panama-city-on-july-9-2026,panama-city,C,whole,metar,MPMG,33°C,33.0,33.0,iem_metar,2026-07-10T11:32:39Z
2026-07-09,highest-temperature-in-paris-on-july-9-2026,paris,C,whole,metar,LFPB,33°C,33.0,33.0,iem_metar,2026-07-10T11:32:39Z
2026-07-09,highest-temperature-in-qingdao-on-july-9-2026,qingdao,C,whole,metar,ZSQD,28°C,28.0,28.0,iem_metar,2026-07-10T11:32:39Z
2026-07-09,highest-temperature-in-san-francisco-on-july-9-2026,san-francisco,F,whole,metar,KSFO,66-67°F,20.6,69.0,iem_metar,2026-07-10T11:32:39Z
2026-07-09,highest-temperature-in-sao-paulo-on-july-9-2026,sao-paulo,C,whole,metar,SBGR,22°C,22.0,22.0,iem_metar,2026-07-10T11:32:39Z
2026-07-09,highest-temperature-in-seattle-on-july-9-2026,seattle,F,whole,metar,KSEA,78-79°F,26.1,79.0,iem_metar,2026-07-10T11:32:39Z
2026-07-09,highest-temperature-in-seoul-on-july-9-2026,seoul,C,whole,metar,RKSI,27°C,27.0,27.0,iem_metar,2026-07-10T11:32:39Z
2026-07-09,highest-temperature-in-shanghai-on-july-9-2026,shanghai,C,whole,metar,ZSPD,29°C,29.0,29.0,iem_metar,2026-07-10T11:32:39Z
2026-07-09,highest-temperature-in-shenzhen-on-july-9-2026,shenzhen,C,whole,metar,ZGSZ,30°C,32.0,32.0,iem_metar,2026-07-10T11:32:39Z
2026-07-09,highest-temperature-in-singapore-on-july-9-2026,singapore,C,whole,metar,WSSS,31°C,31.0,31.0,iem_metar,2026-07-10T11:32:39Z
2026-07-09,highest-temperature-in-taipei-on-july-9-2026,taipei,C,whole,metar,RCSS,35°C,35.0,35.0,iem_metar,2026-07-10T11:32:39Z
2026-07-09,highest-temperature-in-tel-aviv-on-july-9-2026,tel-aviv,C,whole,geocode,tel-aviv,31°C,29.7,29.7,openmeteo_grid,2026-07-10T11:32:39Z
2026-07-09,highest-temperature-in-tokyo-on-july-9-2026,tokyo,C,whole,metar,RJTT,30°C,30.0,30.0,iem_metar,2026-07-10T11:32:39Z
2026-07-09,highest-temperature-in-toronto-on-july-9-2026,toronto,C,whole,metar,CYYZ,29°C,29.0,29.0,iem_metar,2026-07-10T11:32:39Z
2026-07-09,highest-temperature-in-warsaw-on-july-9-2026,warsaw,C,whole,metar,EPWA,18°C,18.0,18.0,iem_metar,2026-07-10T11:32:39Z
2026-07-09,highest-temperature-in-wellington-on-july-9-2026,wellington,C,whole,metar,NZWN,11°C,11.0,11.0,iem_metar,2026-07-10T11:32:39Z
2026-07-09,highest-temperature-in-wuhan-on-july-9-2026,wuhan,C,whole,metar,ZHHH,35°C,35.0,35.0,iem_metar,2026-07-10T11:32:39Z
2026-07-10,highest-temperature-in-amsterdam-on-july-10-2026,amsterdam,C,whole,metar,EHAM,26°C,26.0,26.0,iem_metar,2026-07-11T07:32:37Z
2026-07-10,highest-temperature-in-ankara-on-july-10-2026,ankara,C,whole,metar,LTAC,29°C,29.0,29.0,iem_metar,2026-07-11T07:32:37Z
2026-07-10,highest-temperature-in-atlanta-on-july-10-2026,atlanta,F,whole,metar,KATL,92-93°F,33.9,93.0,openmeteo_grid,2026-07-11T07:32:37Z
2026-07-10,highest-temperature-in-austin-on-july-10-2026,austin,F,whole,metar,KAUS,94-95°F,35.0,95.0,iem_metar,2026-07-11T07:32:37Z
2026-07-09,highest-temperature-in-austin-on-july-9-2026,austin,F,whole,metar,KAUS,96-97°F,36.7,98.0,iem_metar,2026-07-11T07:32:37Z
2026-07-10,highest-temperature-in-beijing-on-july-10-2026,beijing,C,whole,metar,ZBAA,<=27°C,27.0,27.0,iem_metar,2026-07-11T07:32:37Z
2026-07-10,highest-temperature-in-buenos-aires-on-july-10-2026,buenos-aires,C,whole,metar,SAEZ,14°C,14.0,14.0,iem_metar,2026-07-11T07:32:37Z
2026-07-10,highest-temperature-in-busan-on-july-10-2026,busan,C,whole,metar,RKPK,32°C,32.0,32.0,iem_metar,2026-07-11T07:32:37Z
2026-07-10,highest-temperature-in-cape-town-on-july-10-2026,cape-town,C,whole,metar,FACT,18°C,18.0,18.0,iem_metar,2026-07-11T07:32:37Z
2026-07-10,highest-temperature-in-chengdu-on-july-10-2026,chengdu,C,whole,metar,ZUUU,36°C,36.0,36.0,iem_metar,2026-07-11T07:32:37Z
2026-07-10,highest-temperature-in-chicago-on-july-10-2026,chicago,F,whole,metar,KORD,80-81°F,27.8,82.0,openmeteo_grid,2026-07-11T07:32:37Z
2026-07-10,highest-temperature-in-chongqing-on-july-10-2026,chongqing,C,whole,metar,ZUCK,38°C,38.0,38.0,iem_metar,2026-07-11T07:32:37Z
2026-07-10,highest-temperature-in-dallas-on-july-10-2026,dallas,F,whole,geocode,dallas,98-99°F,36.6,97.9,openmeteo_grid,2026-07-11T07:32:37Z
2026-07-09,highest-temperature-in-dallas-on-july-9-2026,dallas,F,whole,geocode,dallas,100-101°F,38.2,100.8,openmeteo_grid,2026-07-11T07:32:37Z
2026-07-10,highest-temperature-in-denver-on-july-10-2026,denver,F,whole,geocode,denver,90-91°F,33.0,91.4,openmeteo_grid,2026-07-11T07:32:37Z
2026-07-10,highest-temperature-in-guangzhou-on-july-10-2026,guangzhou,C,whole,metar,ZGGG,35°C,35.0,35.0,iem_metar,2026-07-11T07:32:37Z
2026-07-10,highest-temperature-in-helsinki-on-july-10-2026,helsinki,C,whole,metar,EFHK,22°C,22.0,22.0,iem_metar,2026-07-11T07:32:37Z
2026-07-10,highest-temperature-in-houston-on-july-10-2026,houston,F,whole,metar,KHOU,92-93°F,33.6,92.5,openmeteo_grid,2026-07-11T07:32:37Z
2026-07-10,highest-temperature-in-istanbul-on-july-10-2026,istanbul,C,whole,geocode,istanbul,26°C,26.9,26.9,openmeteo_grid,2026-07-11T07:32:37Z
2026-07-10,highest-temperature-in-jeddah-on-july-10-2026,jeddah,C,whole,metar,OEJN,38°C,38.0,38.0,iem_metar,2026-07-11T07:32:37Z
2026-07-10,highest-temperature-in-karachi-on-july-10-2026,karachi,C,whole,metar,OPKC,33°C,33.0,33.0,iem_metar,2026-07-11T07:32:37Z
2026-07-10,highest-temperature-in-kuala-lumpur-on-july-10-2026,kuala-lumpur,C,whole,metar,WMKK,33°C,33.0,33.0,iem_metar,2026-07-11T07:32:37Z
2026-07-10,highest-temperature-in-london-on-july-10-2026,london,C,whole,metar,EGLC,29°C,29.0,29.0,iem_metar,2026-07-11T07:32:37Z
2026-07-10,highest-temperature-in-lucknow-on-july-10-2026,lucknow,C,whole,metar,VILK,32°C,32.0,32.0,iem_metar,2026-07-11T07:32:37Z
2026-07-10,highest-temperature-in-madrid-on-july-10-2026,madrid,C,whole,metar,LEMD,36°C,36.0,36.0,iem_metar,2026-07-11T07:32:37Z
2026-07-10,highest-temperature-in-manila-on-july-10-2026,manila,C,whole,metar,RPLL,32°C,32.0,32.0,iem_metar,2026-07-11T07:32:37Z
2026-07-10,highest-temperature-in-mexico-city-on-july-10-2026,mexico-city,C,whole,metar,MMMX,25°C,25.0,25.0,iem_metar,2026-07-11T07:32:37Z
2026-07-10,highest-temperature-in-miami-on-july-10-2026,miami,F,whole,metar,KMIA,92-93°F,32.2,90.0,openmeteo_grid,2026-07-11T07:32:37Z
2026-07-10,highest-temperature-in-milan-on-july-10-2026,milan,C,whole,metar,LIMC,34°C,34.0,34.0,iem_metar,2026-07-11T07:32:37Z
2026-07-10,highest-temperature-in-moscow-on-july-10-2026,moscow,C,whole,geocode,moscow,28°C,29.0,29.0,openmeteo_grid,2026-07-11T07:32:37Z
2026-07-10,highest-temperature-in-munich-on-july-10-2026,munich,C,whole,metar,EDDM,29°C,29.0,29.0,iem_metar,2026-07-11T07:32:37Z
2026-07-10,highest-temperature-in-nyc-on-july-10-2026,nyc,F,whole,metar,KLGA,88-89°F,31.7,89.0,iem_metar,2026-07-11T07:32:37Z
2026-07-10,highest-temperature-in-panama-city-on-july-10-2026,panama-city,C,whole,metar,MPMG,30°C,30.0,30.0,iem_metar,2026-07-11T07:32:37Z
2026-07-10,highest-temperature-in-paris-on-july-10-2026,paris,C,whole,metar,LFPB,35°C,35.0,35.0,iem_metar,2026-07-11T07:32:37Z
2026-07-10,highest-temperature-in-qingdao-on-july-10-2026,qingdao,C,whole,metar,ZSQD,30°C,30.0,30.0,iem_metar,2026-07-11T07:32:37Z
2026-07-10,highest-temperature-in-sao-paulo-on-july-10-2026,sao-paulo,C,whole,metar,SBGR,26°C,26.0,26.0,iem_metar,2026-07-11T07:32:37Z
2026-07-10,highest-temperature-in-seoul-on-july-10-2026,seoul,C,whole,metar,RKSI,28°C,28.0,28.0,iem_metar,2026-07-11T07:32:37Z
2026-07-10,highest-temperature-in-shanghai-on-july-10-2026,shanghai,C,whole,metar,ZSPD,32°C,32.0,32.0,iem_metar,2026-07-11T07:32:37Z
2026-07-10,highest-temperature-in-shenzhen-on-july-10-2026,shenzhen,C,whole,metar,ZGSZ,33°C,32.0,32.0,iem_metar,2026-07-11T07:32:37Z
2026-07-10,highest-temperature-in-singapore-on-july-10-2026,singapore,C,whole,metar,WSSS,32°C,32.0,32.0,iem_metar,2026-07-11T07:32:37Z
2026-07-10,highest-temperature-in-taipei-on-july-10-2026,taipei,C,whole,metar,RCSS,33°C,33.0,33.0,iem_metar,2026-07-11T07:32:37Z
2026-07-10,highest-temperature-in-tel-aviv-on-july-10-2026,tel-aviv,C,whole,geocode,tel-aviv,31°C,30.1,30.1,openmeteo_grid,2026-07-11T07:32:37Z
2026-07-10,highest-temperature-in-tokyo-on-july-10-2026,tokyo,C,whole,metar,RJTT,30°C,30.0,30.0,iem_metar,2026-07-11T07:32:37Z
2026-07-10,highest-temperature-in-toronto-on-july-10-2026,toronto,C,whole,metar,CYYZ,26°C,26.0,26.0,iem_metar,2026-07-11T07:32:37Z
2026-07-10,highest-temperature-in-warsaw-on-july-10-2026,warsaw,C,whole,metar,EPWA,18°C,18.0,18.0,iem_metar,2026-07-11T07:32:37Z
2026-07-10,highest-temperature-in-wellington-on-july-10-2026,wellington,C,whole,metar,NZWN,10°C,10.0,10.0,iem_metar,2026-07-11T07:32:37Z
2026-07-10,highest-temperature-in-wuhan-on-july-10-2026,wuhan,C,whole,metar,ZHHH,37°C,37.0,37.0,iem_metar,2026-07-11T07:32:37Z
2026-07-10,highest-temperature-in-los-angeles-on-july-10-2026,los-angeles,F,whole,metar,KLAX,74-75°F,23.3,74.0,iem_metar,2026-07-11T15:34:40Z
2026-07-10,highest-temperature-in-san-francisco-on-july-10-2026,san-francisco,F,whole,metar,KSFO,64-65°F,18.9,66.0,iem_metar,2026-07-11T15:34:40Z
2026-07-10,highest-temperature-in-seattle-on-july-10-2026,seattle,F,whole,metar,KSEA,76-77°F,25.6,78.0,iem_metar,2026-07-11T15:34:40Z
2026-07-11,highest-temperature-in-amsterdam-on-july-11-2026,amsterdam,C,whole,metar,EHAM,25°C,25.0,25.0,iem_metar,2026-07-12T07:57:14Z
2026-07-11,highest-temperature-in-ankara-on-july-11-2026,ankara,C,whole,metar,LTAC,30°C,30.0,30.0,iem_metar,2026-07-12T07:57:14Z
2026-07-11,highest-temperature-in-atlanta-on-july-11-2026,atlanta,F,whole,metar,KATL,94-95°F,32.4,90.3,openmeteo_grid,2026-07-12T07:57:14Z
2026-07-11,highest-temperature-in-austin-on-july-11-2026,austin,F,whole,metar,KAUS,90-91°F,32.2,90.0,iem_metar,2026-07-12T07:57:14Z
2026-07-11,highest-temperature-in-beijing-on-july-11-2026,beijing,C,whole,metar,ZBAA,29°C,29.0,29.0,iem_metar,2026-07-12T07:57:14Z
2026-07-11,highest-temperature-in-buenos-aires-on-july-11-2026,buenos-aires,C,whole,metar,SAEZ,12°C,12.0,12.0,iem_metar,2026-07-12T07:57:14Z
2026-07-11,highest-temperature-in-busan-on-july-11-2026,busan,C,whole,metar,RKPK,34°C,34.0,34.0,iem_metar,2026-07-12T07:57:14Z
2026-07-11,highest-temperature-in-cape-town-on-july-11-2026,cape-town,C,whole,metar,FACT,20°C,20.0,20.0,iem_metar,2026-07-12T07:57:14Z
2026-07-11,highest-temperature-in-chengdu-on-july-11-2026,chengdu,C,whole,metar,ZUUU,31°C,31.0,31.0,iem_metar,2026-07-12T07:57:14Z
2026-07-11,highest-temperature-in-chicago-on-july-11-2026,chicago,F,whole,metar,KORD,82-83°F,27.8,82.0,openmeteo_grid,2026-07-12T07:57:14Z
2026-07-11,highest-temperature-in-chongqing-on-july-11-2026,chongqing,C,whole,metar,ZUCK,38°C,38.0,38.0,iem_metar,2026-07-12T07:57:14Z
2026-07-11,highest-temperature-in-dallas-on-july-11-2026,dallas,F,whole,geocode,dallas,98-99°F,36.5,97.7,openmeteo_grid,2026-07-12T07:57:14Z
2026-07-11,highest-temperature-in-guangzhou-on-july-11-2026,guangzhou,C,whole,metar,ZGGG,37°C,37.0,37.0,iem_metar,2026-07-12T07:57:14Z
2026-07-11,highest-temperature-in-helsinki-on-july-11-2026,helsinki,C,whole,metar,EFHK,28°C,28.0,28.0,iem_metar,2026-07-12T07:57:14Z
2026-07-11,highest-temperature-in-houston-on-july-11-2026,houston,F,whole,metar,KHOU,88-89°F,32.1,89.8,openmeteo_grid,2026-07-12T07:57:14Z
2026-07-11,highest-temperature-in-istanbul-on-july-11-2026,istanbul,C,whole,geocode,istanbul,28°C,29.2,29.2,openmeteo_grid,2026-07-12T07:57:14Z
2026-07-11,highest-temperature-in-jeddah-on-july-11-2026,jeddah,C,whole,metar,OEJN,37°C,37.0,37.0,iem_metar,2026-07-12T07:57:14Z
2026-07-11,highest-temperature-in-karachi-on-july-11-2026,karachi,C,whole,metar,OPKC,34°C,34.0,34.0,iem_metar,2026-07-12T07:57:14Z
2026-07-11,highest-temperature-in-kuala-lumpur-on-july-11-2026,kuala-lumpur,C,whole,metar,WMKK,29°C,29.0,29.0,iem_metar,2026-07-12T07:57:14Z
2026-07-11,highest-temperature-in-london-on-july-11-2026,london,C,whole,metar,EGLC,27°C,27.0,27.0,iem_metar,2026-07-12T07:57:14Z
2026-07-11,highest-temperature-in-lucknow-on-july-11-2026,lucknow,C,whole,metar,VILK,34°C,34.0,34.0,iem_metar,2026-07-12T07:57:14Z
2026-07-11,highest-temperature-in-madrid-on-july-11-2026,madrid,C,whole,metar,LEMD,38°C,38.0,38.0,iem_metar,2026-07-12T07:57:14Z
2026-07-11,highest-temperature-in-manila-on-july-11-2026,manila,C,whole,metar,RPLL,30°C,30.0,30.0,iem_metar,2026-07-12T07:57:14Z
2026-07-11,highest-temperature-in-mexico-city-on-july-11-2026,mexico-city,C,whole,metar,MMMX,25°C,25.0,25.0,iem_metar,2026-07-12T07:57:14Z
2026-07-11,highest-temperature-in-miami-on-july-11-2026,miami,F,whole,metar,KMIA,90-91°F,32.0,89.6,openmeteo_grid,2026-07-12T07:57:14Z
2026-07-11,highest-temperature-in-milan-on-july-11-2026,milan,C,whole,metar,LIMC,33°C,33.0,33.0,iem_metar,2026-07-12T07:57:14Z
2026-07-11,highest-temperature-in-moscow-on-july-11-2026,moscow,C,whole,geocode,moscow,25°C,27.6,27.6,openmeteo_grid,2026-07-12T07:57:14Z
2026-07-11,highest-temperature-in-munich-on-july-11-2026,munich,C,whole,metar,EDDM,30°C,30.0,30.0,iem_metar,2026-07-12T07:57:14Z
2026-07-11,highest-temperature-in-nyc-on-july-11-2026,nyc,F,whole,metar,KLGA,82-83°F,28.3,83.0,iem_metar,2026-07-12T07:57:14Z
2026-07-11,highest-temperature-in-panama-city-on-july-11-2026,panama-city,C,whole,metar,MPMG,32°C,32.0,32.0,iem_metar,2026-07-12T07:57:14Z
2026-07-11,highest-temperature-in-paris-on-july-11-2026,paris,C,whole,metar,LFPB,35°C,35.0,35.0,iem_metar,2026-07-12T07:57:14Z
2026-07-11,highest-temperature-in-qingdao-on-july-11-2026,qingdao,C,whole,metar,ZSQD,30°C,30.0,30.0,iem_metar,2026-07-12T07:57:14Z
2026-07-11,highest-temperature-in-sao-paulo-on-july-11-2026,sao-paulo,C,whole,metar,SBGR,28°C,28.0,28.0,iem_metar,2026-07-12T07:57:14Z
2026-07-11,highest-temperature-in-seoul-on-july-11-2026,seoul,C,whole,metar,RKSI,32°C,32.0,32.0,iem_metar,2026-07-12T07:57:14Z
2026-07-11,highest-temperature-in-shanghai-on-july-11-2026,shanghai,C,whole,metar,ZSPD,31°C,31.0,31.0,iem_metar,2026-07-12T07:57:14Z
2026-07-11,highest-temperature-in-shenzhen-on-july-11-2026,shenzhen,C,whole,metar,ZGSZ,34°C,34.0,34.0,iem_metar,2026-07-12T07:57:14Z
2026-07-11,highest-temperature-in-singapore-on-july-11-2026,singapore,C,whole,metar,WSSS,31°C,31.0,31.0,iem_metar,2026-07-12T07:57:14Z
2026-07-11,highest-temperature-in-taipei-on-july-11-2026,taipei,C,whole,metar,RCSS,28°C,28.0,28.0,iem_metar,2026-07-12T07:57:14Z
2026-07-11,highest-temperature-in-tel-aviv-on-july-11-2026,tel-aviv,C,whole,geocode,tel-aviv,32°C,30.2,30.2,openmeteo_grid,2026-07-12T07:57:14Z
2026-07-11,highest-temperature-in-tokyo-on-july-11-2026,tokyo,C,whole,metar,RJTT,30°C,30.0,30.0,iem_metar,2026-07-12T07:57:14Z
2026-07-11,highest-temperature-in-toronto-on-july-11-2026,toronto,C,whole,metar,CYYZ,26°C,26.0,26.0,iem_metar,2026-07-12T07:57:14Z
2026-07-11,highest-temperature-in-warsaw-on-july-11-2026,warsaw,C,whole,metar,EPWA,22°C,22.0,22.0,iem_metar,2026-07-12T07:57:14Z
2026-07-11,highest-temperature-in-wellington-on-july-11-2026,wellington,C,whole,metar,NZWN,10°C,10.0,10.0,iem_metar,2026-07-12T07:57:14Z
2026-07-11,highest-temperature-in-wuhan-on-july-11-2026,wuhan,C,whole,metar,ZHHH,38°C,38.0,38.0,iem_metar,2026-07-12T07:57:14Z
2026-07-11,highest-temperature-in-denver-on-july-11-2026,denver,F,whole,geocode,denver,96-97°F,36.5,97.7,openmeteo_grid,2026-07-12T15:41:17Z
2026-07-11,highest-temperature-in-los-angeles-on-july-11-2026,los-angeles,F,whole,metar,KLAX,74-75°F,25.0,77.0,iem_metar,2026-07-12T15:41:17Z
2026-07-11,highest-temperature-in-san-francisco-on-july-11-2026,san-francisco,F,whole,metar,KSFO,66-67°F,19.4,67.0,iem_metar,2026-07-12T15:41:17Z
2026-07-11,highest-temperature-in-seattle-on-july-11-2026,seattle,F,whole,metar,KSEA,74-75°F,24.4,76.0,iem_metar,2026-07-12T15:41:17Z
2026-07-12,highest-temperature-in-amsterdam-on-july-12-2026,amsterdam,C,whole,metar,EHAM,26°C,26.0,26.0,iem_metar,2026-07-14T07:34:51Z
2026-07-13,highest-temperature-in-amsterdam-on-july-13-2026,amsterdam,C,whole,metar,EHAM,25°C,25.0,25.0,iem_metar,2026-07-14T07:34:51Z
2026-07-12,highest-temperature-in-ankara-on-july-12-2026,ankara,C,whole,metar,LTAC,32°C,32.0,32.0,iem_metar,2026-07-14T07:34:51Z
2026-07-13,highest-temperature-in-ankara-on-july-13-2026,ankara,C,whole,metar,LTAC,32°C,32.0,32.0,iem_metar,2026-07-14T07:34:51Z
2026-07-12,highest-temperature-in-atlanta-on-july-12-2026,atlanta,F,whole,metar,KATL,92-93°F,31.0,87.8,openmeteo_grid,2026-07-14T07:34:51Z
2026-07-13,highest-temperature-in-atlanta-on-july-13-2026,atlanta,F,whole,metar,KATL,82-83°F,27.1,80.8,openmeteo_grid,2026-07-14T07:34:51Z
2026-07-12,highest-temperature-in-austin-on-july-12-2026,austin,F,whole,metar,KAUS,94-95°F,35.6,96.0,iem_metar,2026-07-14T07:34:51Z
2026-07-13,highest-temperature-in-austin-on-july-13-2026,austin,F,whole,metar,KAUS,92-93°F,34.4,94.0,iem_metar,2026-07-14T07:34:51Z
2026-07-12,highest-temperature-in-beijing-on-july-12-2026,beijing,C,whole,metar,ZBAA,31°C,31.0,31.0,iem_metar,2026-07-14T07:34:51Z
2026-07-13,highest-temperature-in-beijing-on-july-13-2026,beijing,C,whole,metar,ZBAA,34°C,34.0,34.0,iem_metar,2026-07-14T07:34:51Z
2026-07-12,highest-temperature-in-buenos-aires-on-july-12-2026,buenos-aires,C,whole,metar,SAEZ,12°C,12.0,12.0,iem_metar,2026-07-14T07:34:51Z
2026-07-13,highest-temperature-in-buenos-aires-on-july-13-2026,buenos-aires,C,whole,metar,SAEZ,9°C,9.0,9.0,iem_metar,2026-07-14T07:34:51Z
2026-07-12,highest-temperature-in-busan-on-july-12-2026,busan,C,whole,metar,RKPK,33°C,33.0,33.0,iem_metar,2026-07-14T07:34:51Z
2026-07-13,highest-temperature-in-busan-on-july-13-2026,busan,C,whole,metar,RKPK,31°C,31.0,31.0,iem_metar,2026-07-14T07:34:51Z
2026-07-12,highest-temperature-in-cape-town-on-july-12-2026,cape-town,C,whole,metar,FACT,20°C,20.0,20.0,iem_metar,2026-07-14T07:34:51Z
2026-07-13,highest-temperature-in-cape-town-on-july-13-2026,cape-town,C,whole,metar,FACT,13°C,13.0,13.0,iem_metar,2026-07-14T07:34:51Z
2026-07-12,highest-temperature-in-chengdu-on-july-12-2026,chengdu,C,whole,metar,ZUUU,33°C,33.0,33.0,iem_metar,2026-07-14T07:34:51Z
2026-07-13,highest-temperature-in-chengdu-on-july-13-2026,chengdu,C,whole,metar,ZUUU,38°C,38.0,38.0,iem_metar,2026-07-14T07:34:51Z
2026-07-12,highest-temperature-in-chicago-on-july-12-2026,chicago,F,whole,metar,KORD,86-87°F,30.6,87.1,openmeteo_grid,2026-07-14T07:34:51Z
2026-07-13,highest-temperature-in-chicago-on-july-13-2026,chicago,F,whole,metar,KORD,92-93°F,33.8,92.8,openmeteo_grid,2026-07-14T07:34:51Z
2026-07-12,highest-temperature-in-chongqing-on-july-12-2026,chongqing,C,whole,metar,ZUCK,35°C,35.0,35.0,iem_metar,2026-07-14T07:34:51Z
2026-07-13,highest-temperature-in-chongqing-on-july-13-2026,chongqing,C,whole,metar,ZUCK,38°C,38.0,38.0,iem_metar,2026-07-14T07:34:51Z
2026-07-12,highest-temperature-in-dallas-on-july-12-2026,dallas,F,whole,geocode,dallas,98-99°F,36.1,97.0,openmeteo_grid,2026-07-14T07:34:51Z
2026-07-13,highest-temperature-in-dallas-on-july-13-2026,dallas,F,whole,geocode,dallas,92-93°F,32.3,90.1,openmeteo_grid,2026-07-14T07:34:51Z
2026-07-12,highest-temperature-in-denver-on-july-12-2026,denver,F,whole,geocode,denver,96-97°F,36.8,98.2,openmeteo_grid,2026-07-14T07:34:51Z
2026-07-12,highest-temperature-in-guangzhou-on-july-12-2026,guangzhou,C,whole,metar,ZGGG,39°C,39.0,39.0,iem_metar,2026-07-14T07:34:51Z
2026-07-13,highest-temperature-in-guangzhou-on-july-13-2026,guangzhou,C,whole,metar,ZGGG,38°C,38.0,38.0,iem_metar,2026-07-14T07:34:51Z
2026-07-12,highest-temperature-in-helsinki-on-july-12-2026,helsinki,C,whole,metar,EFHK,27°C,27.0,27.0,iem_metar,2026-07-14T07:34:51Z
2026-07-13,highest-temperature-in-helsinki-on-july-13-2026,helsinki,C,whole,metar,EFHK,20°C,20.0,20.0,iem_metar,2026-07-14T07:34:51Z
2026-07-10,highest-temperature-in-hong-kong-on-july-10-2026,hong-kong,C,decimal,hko,HKO,33°C,32.0,32.0,iem_vhhh_proxy,2026-07-14T07:34:51Z
2026-07-11,highest-temperature-in-hong-kong-on-july-11-2026,hong-kong,C,decimal,hko,HKO,34°C,34.0,34.0,iem_vhhh_proxy,2026-07-14T07:34:51Z
2026-07-12,highest-temperature-in-hong-kong-on-july-12-2026,hong-kong,C,decimal,hko,HKO,34°C,35.0,35.0,iem_vhhh_proxy,2026-07-14T07:34:51Z
2026-07-13,highest-temperature-in-hong-kong-on-july-13-2026,hong-kong,C,decimal,hko,HKO,33°C,34.0,34.0,iem_vhhh_proxy,2026-07-14T07:34:51Z
2026-07-12,highest-temperature-in-houston-on-july-12-2026,houston,F,whole,metar,KHOU,92-93°F,34.6,94.3,openmeteo_grid,2026-07-14T07:34:51Z
2026-07-13,highest-temperature-in-houston-on-july-13-2026,houston,F,whole,metar,KHOU,84-85°F,29.0,84.2,openmeteo_grid,2026-07-14T07:34:51Z
2026-07-12,highest-temperature-in-istanbul-on-july-12-2026,istanbul,C,whole,geocode,istanbul,27°C,28.6,28.6,openmeteo_grid,2026-07-14T07:34:51Z
2026-07-13,highest-temperature-in-istanbul-on-july-13-2026,istanbul,C,whole,geocode,istanbul,27°C,27.9,27.9,openmeteo_grid,2026-07-14T07:34:51Z
2026-07-12,highest-temperature-in-jeddah-on-july-12-2026,jeddah,C,whole,metar,OEJN,36°C,36.0,36.0,iem_metar,2026-07-14T07:34:51Z
2026-07-13,highest-temperature-in-jeddah-on-july-13-2026,jeddah,C,whole,metar,OEJN,37°C,37.0,37.0,iem_metar,2026-07-14T07:34:51Z
2026-07-12,highest-temperature-in-karachi-on-july-12-2026,karachi,C,whole,metar,OPKC,33°C,33.0,33.0,iem_metar,2026-07-14T07:34:51Z
2026-07-13,highest-temperature-in-karachi-on-july-13-2026,karachi,C,whole,metar,OPKC,33°C,33.0,33.0,iem_metar,2026-07-14T07:34:51Z
2026-07-12,highest-temperature-in-kuala-lumpur-on-july-12-2026,kuala-lumpur,C,whole,metar,WMKK,33°C,33.0,33.0,iem_metar,2026-07-14T07:34:51Z
2026-07-13,highest-temperature-in-kuala-lumpur-on-july-13-2026,kuala-lumpur,C,whole,metar,WMKK,32°C,32.0,32.0,iem_metar,2026-07-14T07:34:51Z
2026-07-12,highest-temperature-in-london-on-july-12-2026,london,C,whole,metar,EGLC,28°C,28.0,28.0,iem_metar,2026-07-14T07:34:51Z
2026-07-13,highest-temperature-in-london-on-july-13-2026,london,C,whole,metar,EGLC,26°C,26.0,26.0,iem_metar,2026-07-14T07:34:51Z
2026-07-12,highest-temperature-in-los-angeles-on-july-12-2026,los-angeles,F,whole,metar,KLAX,74-75°F,25.0,77.0,iem_metar,2026-07-14T07:34:51Z
2026-07-12,highest-temperature-in-lucknow-on-july-12-2026,lucknow,C,whole,metar,VILK,35°C,35.0,35.0,iem_metar,2026-07-14T07:34:51Z
2026-07-13,highest-temperature-in-lucknow-on-july-13-2026,lucknow,C,whole,metar,VILK,36°C,36.0,36.0,iem_metar,2026-07-14T07:34:51Z
2026-07-12,highest-temperature-in-madrid-on-july-12-2026,madrid,C,whole,metar,LEMD,34°C,34.0,34.0,iem_metar,2026-07-14T07:34:51Z
2026-07-13,highest-temperature-in-madrid-on-july-13-2026,madrid,C,whole,metar,LEMD,33°C,33.0,33.0,iem_metar,2026-07-14T07:34:51Z
2026-07-12,highest-temperature-in-manila-on-july-12-2026,manila,C,whole,metar,RPLL,31°C,31.0,31.0,iem_metar,2026-07-14T07:34:51Z
2026-07-13,highest-temperature-in-manila-on-july-13-2026,manila,C,whole,metar,RPLL,31°C,31.0,31.0,iem_metar,2026-07-14T07:34:51Z
2026-07-12,highest-temperature-in-mexico-city-on-july-12-2026,mexico-city,C,whole,metar,MMMX,24°C,24.0,24.0,iem_metar,2026-07-14T07:34:51Z
2026-07-13,highest-temperature-in-mexico-city-on-july-13-2026,mexico-city,C,whole,metar,MMMX,24°C,24.0,24.0,iem_metar,2026-07-14T07:34:51Z
2026-07-12,highest-temperature-in-miami-on-july-12-2026,miami,F,whole,metar,KMIA,94-95°F,32.8,91.0,openmeteo_grid,2026-07-14T07:34:51Z
2026-07-13,highest-temperature-in-miami-on-july-13-2026,miami,F,whole,metar,KMIA,92-93°F,32.7,90.9,openmeteo_grid,2026-07-14T07:34:51Z
2026-07-12,highest-temperature-in-milan-on-july-12-2026,milan,C,whole,metar,LIMC,33°C,33.0,33.0,iem_metar,2026-07-14T07:34:51Z
2026-07-13,highest-temperature-in-milan-on-july-13-2026,milan,C,whole,metar,LIMC,32°C,32.0,32.0,iem_metar,2026-07-14T07:34:51Z
2026-07-12,highest-temperature-in-moscow-on-july-12-2026,moscow,C,whole,geocode,moscow,19°C,19.6,19.6,openmeteo_grid,2026-07-14T07:34:51Z
2026-07-13,highest-temperature-in-moscow-on-july-13-2026,moscow,C,whole,geocode,moscow,22°C,23.5,23.5,openmeteo_grid,2026-07-14T07:34:51Z
2026-07-12,highest-temperature-in-munich-on-july-12-2026,munich,C,whole,metar,EDDM,28°C,28.0,28.0,iem_metar,2026-07-14T07:34:51Z
2026-07-13,highest-temperature-in-munich-on-july-13-2026,munich,C,whole,metar,EDDM,31°C,31.0,31.0,iem_metar,2026-07-14T07:34:51Z
2026-07-12,highest-temperature-in-nyc-on-july-12-2026,nyc,F,whole,metar,KLGA,84-85°F,29.4,85.0,iem_metar,2026-07-14T07:34:51Z
2026-07-13,highest-temperature-in-nyc-on-july-13-2026,nyc,F,whole,metar,KLGA,84-85°F,29.4,85.0,iem_metar,2026-07-14T07:34:51Z
2026-07-12,highest-temperature-in-panama-city-on-july-12-2026,panama-city,C,whole,metar,MPMG,31°C,31.0,31.0,iem_metar,2026-07-14T07:34:51Z
2026-07-13,highest-temperature-in-panama-city-on-july-13-2026,panama-city,C,whole,metar,MPMG,29°C,29.0,29.0,iem_metar,2026-07-14T07:34:51Z
2026-07-12,highest-temperature-in-paris-on-july-12-2026,paris,C,whole,metar,LFPB,35°C,35.0,35.0,iem_metar,2026-07-14T07:34:51Z
2026-07-13,highest-temperature-in-paris-on-july-13-2026,paris,C,whole,metar,LFPB,35°C,35.0,35.0,iem_metar,2026-07-14T07:34:51Z
2026-07-12,highest-temperature-in-qingdao-on-july-12-2026,qingdao,C,whole,metar,ZSQD,31°C,31.0,31.0,iem_metar,2026-07-14T07:34:51Z
2026-07-13,highest-temperature-in-qingdao-on-july-13-2026,qingdao,C,whole,metar,ZSQD,26°C,26.0,26.0,iem_metar,2026-07-14T07:34:51Z
2026-07-12,highest-temperature-in-san-francisco-on-july-12-2026,san-francisco,F,whole,metar,KSFO,74-75°F,24.4,76.0,iem_metar,2026-07-14T07:34:51Z
2026-07-12,highest-temperature-in-sao-paulo-on-july-12-2026,sao-paulo,C,whole,metar,SBGR,23°C,23.0,23.0,iem_metar,2026-07-14T07:34:51Z
2026-07-13,highest-temperature-in-sao-paulo-on-july-13-2026,sao-paulo,C,whole,metar,SBGR,17°C,17.0,17.0,iem_metar,2026-07-14T07:34:51Z
2026-07-12,highest-temperature-in-seattle-on-july-12-2026,seattle,F,whole,metar,KSEA,72-73°F,22.2,72.0,iem_metar,2026-07-14T07:34:51Z
2026-07-12,highest-temperature-in-seoul-on-july-12-2026,seoul,C,whole,metar,RKSI,>=34°C,34.0,34.0,iem_metar,2026-07-14T07:34:51Z
2026-07-13,highest-temperature-in-seoul-on-july-13-2026,seoul,C,whole,metar,RKSI,32°C,32.0,32.0,iem_metar,2026-07-14T07:34:51Z
2026-07-12,highest-temperature-in-shanghai-on-july-12-2026,shanghai,C,whole,metar,ZSPD,31°C,31.0,31.0,iem_metar,2026-07-14T07:34:51Z
2026-07-13,highest-temperature-in-shanghai-on-july-13-2026,shanghai,C,whole,metar,ZSPD,33°C,33.0,33.0,iem_metar,2026-07-14T07:34:51Z
2026-07-12,highest-temperature-in-shenzhen-on-july-12-2026,shenzhen,C,whole,metar,ZGSZ,34°C,32.0,32.0,iem_metar,2026-07-14T07:34:51Z
2026-07-13,highest-temperature-in-shenzhen-on-july-13-2026,shenzhen,C,whole,metar,ZGSZ,34°C,32.0,32.0,iem_metar,2026-07-14T07:34:51Z
2026-07-12,highest-temperature-in-singapore-on-july-12-2026,singapore,C,whole,metar,WSSS,30°C,30.0,30.0,iem_metar,2026-07-14T07:34:51Z
2026-07-13,highest-temperature-in-singapore-on-july-13-2026,singapore,C,whole,metar,WSSS,32°C,32.0,32.0,iem_metar,2026-07-14T07:34:51Z
2026-07-12,highest-temperature-in-taipei-on-july-12-2026,taipei,C,whole,metar,RCSS,37°C,37.0,37.0,iem_metar,2026-07-14T07:34:51Z
2026-07-13,highest-temperature-in-taipei-on-july-13-2026,taipei,C,whole,metar,RCSS,34°C,34.0,34.0,iem_metar,2026-07-14T07:34:51Z
2026-07-12,highest-temperature-in-tel-aviv-on-july-12-2026,tel-aviv,C,whole,geocode,tel-aviv,31°C,30.2,30.2,openmeteo_grid,2026-07-14T07:34:51Z
2026-07-13,highest-temperature-in-tel-aviv-on-july-13-2026,tel-aviv,C,whole,geocode,tel-aviv,31°C,30.4,30.4,openmeteo_grid,2026-07-14T07:34:51Z
2026-07-12,highest-temperature-in-tokyo-on-july-12-2026,tokyo,C,whole,metar,RJTT,29°C,29.0,29.0,iem_metar,2026-07-14T07:34:51Z
2026-07-13,highest-temperature-in-tokyo-on-july-13-2026,tokyo,C,whole,metar,RJTT,28°C,28.0,28.0,iem_metar,2026-07-14T07:34:51Z
2026-07-12,highest-temperature-in-toronto-on-july-12-2026,toronto,C,whole,metar,CYYZ,27°C,27.0,27.0,iem_metar,2026-07-14T07:34:51Z
2026-07-13,highest-temperature-in-toronto-on-july-13-2026,toronto,C,whole,metar,CYYZ,33°C,33.0,33.0,iem_metar,2026-07-14T07:34:51Z
2026-07-12,highest-temperature-in-warsaw-on-july-12-2026,warsaw,C,whole,metar,EPWA,19°C,19.0,19.0,iem_metar,2026-07-14T07:34:51Z
2026-07-13,highest-temperature-in-warsaw-on-july-13-2026,warsaw,C,whole,metar,EPWA,25°C,25.0,25.0,iem_metar,2026-07-14T07:34:51Z
2026-07-12,highest-temperature-in-wellington-on-july-12-2026,wellington,C,whole,metar,NZWN,11°C,11.0,11.0,iem_metar,2026-07-14T07:34:51Z
2026-07-13,highest-temperature-in-wellington-on-july-13-2026,wellington,C,whole,metar,NZWN,13°C,13.0,13.0,iem_metar,2026-07-14T07:34:51Z
2026-07-12,highest-temperature-in-wuhan-on-july-12-2026,wuhan,C,whole,metar,ZHHH,34°C,34.0,34.0,iem_metar,2026-07-14T07:34:51Z
2026-07-13,highest-temperature-in-wuhan-on-july-13-2026,wuhan,C,whole,metar,ZHHH,37°C,37.0,37.0,iem_metar,2026-07-14T07:34:51Z
2026-07-13,highest-temperature-in-denver-on-july-13-2026,denver,F,whole,geocode,denver,96-97°F,38.0,100.4,openmeteo_grid,2026-07-14T16:47:46Z
2026-07-13,highest-temperature-in-los-angeles-on-july-13-2026,los-angeles,F,whole,metar,KLAX,74-75°F,23.9,75.0,iem_metar,2026-07-14T16:47:46Z
2026-07-13,highest-temperature-in-san-francisco-on-july-13-2026,san-francisco,F,whole,metar,KSFO,76-77°F,26.1,79.0,iem_metar,2026-07-14T16:47:46Z
2026-07-13,highest-temperature-in-seattle-on-july-13-2026,seattle,F,whole,metar,KSEA,78-79°F,26.7,80.0,iem_metar,2026-07-14T16:47:46Z
2026-07-14,highest-temperature-in-amsterdam-on-july-14-2026,amsterdam,C,whole,metar,EHAM,28°C,28.0,28.0,iem_metar,2026-07-15T17:00:11Z
2026-07-14,highest-temperature-in-ankara-on-july-14-2026,ankara,C,whole,metar,LTAC,29°C,29.0,29.0,iem_metar,2026-07-15T17:00:11Z
2026-07-14,highest-temperature-in-atlanta-on-july-14-2026,atlanta,F,whole,metar,KATL,84-85°F,28.9,84.0,openmeteo_grid,2026-07-15T17:00:11Z
2026-07-14,highest-temperature-in-austin-on-july-14-2026,austin,F,whole,metar,KAUS,78-79°F,26.7,80.0,iem_metar,2026-07-15T17:00:11Z
2026-07-14,highest-temperature-in-beijing-on-july-14-2026,beijing,C,whole,metar,ZBAA,33°C,33.0,33.0,iem_metar,2026-07-15T17:00:11Z
2026-07-14,highest-temperature-in-buenos-aires-on-july-14-2026,buenos-aires,C,whole,metar,SAEZ,16°C,16.0,16.0,iem_metar,2026-07-15T17:00:11Z
2026-07-14,highest-temperature-in-busan-on-july-14-2026,busan,C,whole,metar,RKPK,30°C,30.0,30.0,iem_metar,2026-07-15T17:00:11Z
2026-07-14,highest-temperature-in-cape-town-on-july-14-2026,cape-town,C,whole,metar,FACT,16°C,16.0,16.0,iem_metar,2026-07-15T17:00:11Z
2026-07-14,highest-temperature-in-chengdu-on-july-14-2026,chengdu,C,whole,metar,ZUUU,38°C,38.0,38.0,iem_metar,2026-07-15T17:00:11Z
2026-07-14,highest-temperature-in-chicago-on-july-14-2026,chicago,F,whole,metar,KORD,96-97°F,36.3,97.3,openmeteo_grid,2026-07-15T17:00:11Z
2026-07-14,highest-temperature-in-chongqing-on-july-14-2026,chongqing,C,whole,metar,ZUCK,41°C,41.0,41.0,iem_metar,2026-07-15T17:00:11Z
2026-07-14,highest-temperature-in-dallas-on-july-14-2026,dallas,F,whole,geocode,dallas,90-91°F,33.3,91.9,openmeteo_grid,2026-07-15T17:00:11Z
2026-07-14,highest-temperature-in-denver-on-july-14-2026,denver,F,whole,geocode,denver,94-95°F,36.7,98.1,openmeteo_grid,2026-07-15T17:00:11Z
2026-07-14,highest-temperature-in-guangzhou-on-july-14-2026,guangzhou,C,whole,metar,ZGGG,>=34°C,34.0,34.0,iem_metar,2026-07-15T17:00:11Z
2026-07-14,highest-temperature-in-helsinki-on-july-14-2026,helsinki,C,whole,metar,EFHK,23°C,23.0,23.0,iem_metar,2026-07-15T17:00:11Z
2026-07-14,highest-temperature-in-hong-kong-on-july-14-2026,hong-kong,C,decimal,hko,HKO,28°C,30.0,30.0,iem_vhhh_proxy,2026-07-15T17:00:11Z
2026-07-14,highest-temperature-in-houston-on-july-14-2026,houston,F,whole,metar,KHOU,80-81°F,26.9,80.4,openmeteo_grid,2026-07-15T17:00:11Z
2026-07-14,highest-temperature-in-istanbul-on-july-14-2026,istanbul,C,whole,geocode,istanbul,25°C,26.0,26.0,openmeteo_grid,2026-07-15T17:00:11Z
2026-07-14,highest-temperature-in-jeddah-on-july-14-2026,jeddah,C,whole,metar,OEJN,36°C,36.0,36.0,iem_metar,2026-07-15T17:00:11Z
2026-07-14,highest-temperature-in-karachi-on-july-14-2026,karachi,C,whole,metar,OPKC,33°C,33.0,33.0,iem_metar,2026-07-15T17:00:11Z
2026-07-14,highest-temperature-in-kuala-lumpur-on-july-14-2026,kuala-lumpur,C,whole,metar,WMKK,33°C,33.0,33.0,iem_metar,2026-07-15T17:00:11Z
2026-07-14,highest-temperature-in-london-on-july-14-2026,london,C,whole,metar,EGLC,29°C,29.0,29.0,iem_metar,2026-07-15T17:00:11Z
2026-07-14,highest-temperature-in-los-angeles-on-july-14-2026,los-angeles,F,whole,metar,KLAX,76-77°F,25.0,77.0,iem_metar,2026-07-15T17:00:11Z
2026-07-14,highest-temperature-in-lucknow-on-july-14-2026,lucknow,C,whole,metar,VILK,37°C,37.0,37.0,iem_metar,2026-07-15T17:00:11Z
2026-07-14,highest-temperature-in-madrid-on-july-14-2026,madrid,C,whole,metar,LEMD,37°C,37.0,37.0,iem_metar,2026-07-15T17:00:11Z
2026-07-14,highest-temperature-in-manila-on-july-14-2026,manila,C,whole,metar,RPLL,32°C,32.0,32.0,iem_metar,2026-07-15T17:00:11Z
2026-07-14,highest-temperature-in-mexico-city-on-july-14-2026,mexico-city,C,whole,metar,MMMX,26°C,26.0,26.0,iem_metar,2026-07-15T17:00:11Z
2026-07-14,highest-temperature-in-miami-on-july-14-2026,miami,F,whole,metar,KMIA,94-95°F,32.9,91.2,openmeteo_grid,2026-07-15T17:00:11Z
2026-07-14,highest-temperature-in-milan-on-july-14-2026,milan,C,whole,metar,LIMC,34°C,34.0,34.0,iem_metar,2026-07-15T17:00:11Z
2026-07-14,highest-temperature-in-moscow-on-july-14-2026,moscow,C,whole,geocode,moscow,25°C,25.7,25.7,openmeteo_grid,2026-07-15T17:00:11Z
2026-07-14,highest-temperature-in-munich-on-july-14-2026,munich,C,whole,metar,EDDM,29°C,29.0,29.0,iem_metar,2026-07-15T17:00:11Z
2026-07-14,highest-temperature-in-nyc-on-july-14-2026,nyc,F,whole,metar,KLGA,92-93°F,33.9,93.0,iem_metar,2026-07-15T17:00:11Z
2026-07-14,highest-temperature-in-panama-city-on-july-14-2026,panama-city,C,whole,metar,MPMG,33°C,33.0,33.0,iem_metar,2026-07-15T17:00:11Z
2026-07-14,highest-temperature-in-paris-on-july-14-2026,paris,C,whole,metar,LFPB,35°C,35.0,35.0,iem_metar,2026-07-15T17:00:11Z
2026-07-14,highest-temperature-in-qingdao-on-july-14-2026,qingdao,C,whole,metar,ZSQD,29°C,29.0,29.0,iem_metar,2026-07-15T17:00:11Z
2026-07-14,highest-temperature-in-san-francisco-on-july-14-2026,san-francisco,F,whole,metar,KSFO,80-81°F,28.3,83.0,iem_metar,2026-07-15T17:00:11Z
2026-07-14,highest-temperature-in-sao-paulo-on-july-14-2026,sao-paulo,C,whole,metar,SBGR,19°C,19.0,19.0,iem_metar,2026-07-15T17:00:11Z
2026-07-14,highest-temperature-in-seattle-on-july-14-2026,seattle,F,whole,metar,KSEA,84-85°F,29.4,85.0,iem_metar,2026-07-15T17:00:11Z
2026-07-14,highest-temperature-in-seoul-on-july-14-2026,seoul,C,whole,metar,RKSI,32°C,32.0,32.0,iem_metar,2026-07-15T17:00:11Z
2026-07-14,highest-temperature-in-shanghai-on-july-14-2026,shanghai,C,whole,metar,ZSPD,36°C,36.0,36.0,iem_metar,2026-07-15T17:00:11Z
2026-07-14,highest-temperature-in-shenzhen-on-july-14-2026,shenzhen,C,whole,metar,ZGSZ,29°C,31.0,31.0,iem_metar,2026-07-15T17:00:11Z
2026-07-14,highest-temperature-in-singapore-on-july-14-2026,singapore,C,whole,metar,WSSS,32°C,32.0,32.0,iem_metar,2026-07-15T17:00:11Z
2026-07-14,highest-temperature-in-taipei-on-july-14-2026,taipei,C,whole,metar,RCSS,35°C,35.0,35.0,iem_metar,2026-07-15T17:00:11Z
2026-07-14,highest-temperature-in-tel-aviv-on-july-14-2026,tel-aviv,C,whole,geocode,tel-aviv,32°C,30.5,30.5,openmeteo_grid,2026-07-15T17:00:11Z
2026-07-14,highest-temperature-in-tokyo-on-july-14-2026,tokyo,C,whole,metar,RJTT,34°C,34.0,34.0,iem_metar,2026-07-15T17:00:11Z
2026-07-14,highest-temperature-in-toronto-on-july-14-2026,toronto,C,whole,metar,CYYZ,36°C,36.0,36.0,iem_metar,2026-07-15T17:00:11Z
2026-07-14,highest-temperature-in-warsaw-on-july-14-2026,warsaw,C,whole,metar,EPWA,27°C,27.0,27.0,iem_metar,2026-07-15T17:00:11Z
2026-07-14,highest-temperature-in-wellington-on-july-14-2026,wellington,C,whole,metar,NZWN,15°C,15.0,15.0,iem_metar,2026-07-15T17:00:11Z
2026-07-14,highest-temperature-in-wuhan-on-july-14-2026,wuhan,C,whole,metar,ZHHH,39°C,39.0,39.0,iem_metar,2026-07-15T17:00:11Z
2026-07-15,highest-temperature-in-amsterdam-on-july-15-2026,amsterdam,C,whole,metar,EHAM,27°C,27.0,27.0,iem_metar,2026-07-16T07:55:09Z
2026-07-15,highest-temperature-in-ankara-on-july-15-2026,ankara,C,whole,metar,LTAC,29°C,29.0,29.0,iem_metar,2026-07-16T07:55:09Z
2026-07-15,highest-temperature-in-atlanta-on-july-15-2026,atlanta,F,whole,metar,KATL,88-89°F,30.6,87.1,openmeteo_grid,2026-07-16T07:55:09Z
2026-07-15,highest-temperature-in-beijing-on-july-15-2026,beijing,C,whole,metar,ZBAA,38°C,38.0,38.0,iem_metar,2026-07-16T07:55:09Z
2026-07-15,highest-temperature-in-buenos-aires-on-july-15-2026,buenos-aires,C,whole,metar,SAEZ,18°C,18.0,18.0,iem_metar,2026-07-16T07:55:09Z
2026-07-15,highest-temperature-in-busan-on-july-15-2026,busan,C,whole,metar,RKPK,33°C,33.0,33.0,iem_metar,2026-07-16T07:55:09Z
2026-07-15,highest-temperature-in-cape-town-on-july-15-2026,cape-town,C,whole,metar,FACT,17°C,17.0,17.0,iem_metar,2026-07-16T07:55:09Z
2026-07-15,highest-temperature-in-chengdu-on-july-15-2026,chengdu,C,whole,metar,ZUUU,38°C,38.0,38.0,iem_metar,2026-07-16T07:55:09Z
2026-07-15,highest-temperature-in-chicago-on-july-15-2026,chicago,F,whole,metar,KORD,94-95°F,34.7,94.5,openmeteo_grid,2026-07-16T07:55:09Z
2026-07-15,highest-temperature-in-chongqing-on-july-15-2026,chongqing,C,whole,metar,ZUCK,40°C,40.0,40.0,iem_metar,2026-07-16T07:55:09Z
2026-07-15,highest-temperature-in-dallas-on-july-15-2026,dallas,F,whole,geocode,dallas,90-91°F,33.6,92.5,openmeteo_grid,2026-07-16T07:55:09Z
2026-07-15,highest-temperature-in-denver-on-july-15-2026,denver,F,whole,geocode,denver,94-95°F,35.9,96.6,openmeteo_grid,2026-07-16T07:55:09Z
2026-07-15,highest-temperature-in-guangzhou-on-july-15-2026,guangzhou,C,whole,metar,ZGGG,30°C,30.0,30.0,iem_metar,2026-07-16T07:55:09Z
2026-07-15,highest-temperature-in-helsinki-on-july-15-2026,helsinki,C,whole,metar,EFHK,26°C,26.0,26.0,iem_metar,2026-07-16T07:55:09Z
2026-07-15,highest-temperature-in-hong-kong-on-july-15-2026,hong-kong,C,decimal,hko,HKO,28°C,31.0,31.0,iem_vhhh_proxy,2026-07-16T07:55:09Z
2026-07-15,highest-temperature-in-houston-on-july-15-2026,houston,F,whole,metar,KHOU,86-87°F,29.6,85.3,openmeteo_grid,2026-07-16T07:55:09Z
2026-07-15,highest-temperature-in-istanbul-on-july-15-2026,istanbul,C,whole,geocode,istanbul,27°C,29.0,29.0,openmeteo_grid,2026-07-16T07:55:09Z
2026-07-15,highest-temperature-in-jeddah-on-july-15-2026,jeddah,C,whole,metar,OEJN,>=38°C,38.0,38.0,iem_metar,2026-07-16T07:55:09Z
2026-07-15,highest-temperature-in-karachi-on-july-15-2026,karachi,C,whole,metar,OPKC,34°C,34.0,34.0,iem_metar,2026-07-16T07:55:09Z
2026-07-15,highest-temperature-in-kuala-lumpur-on-july-15-2026,kuala-lumpur,C,whole,metar,WMKK,33°C,33.0,33.0,iem_metar,2026-07-16T07:55:09Z
2026-07-15,highest-temperature-in-london-on-july-15-2026,london,C,whole,metar,EGLC,28°C,28.0,28.0,iem_metar,2026-07-16T07:55:09Z
2026-07-15,highest-temperature-in-lucknow-on-july-15-2026,lucknow,C,whole,metar,VILK,35°C,35.0,35.0,iem_metar,2026-07-16T07:55:09Z
2026-07-15,highest-temperature-in-madrid-on-july-15-2026,madrid,C,whole,metar,LEMD,36°C,36.0,36.0,iem_metar,2026-07-16T07:55:09Z
2026-07-15,highest-temperature-in-manila-on-july-15-2026,manila,C,whole,metar,RPLL,33°C,33.0,33.0,iem_metar,2026-07-16T07:55:09Z
2026-07-15,highest-temperature-in-miami-on-july-15-2026,miami,F,whole,metar,KMIA,92-93°F,33.2,91.8,openmeteo_grid,2026-07-16T07:55:09Z
2026-07-15,highest-temperature-in-milan-on-july-15-2026,milan,C,whole,metar,LIMC,<=32°C,32.0,32.0,iem_metar,2026-07-16T07:55:09Z
2026-07-15,highest-temperature-in-moscow-on-july-15-2026,moscow,C,whole,geocode,moscow,23°C,23.3,23.3,openmeteo_grid,2026-07-16T07:55:09Z
2026-07-15,highest-temperature-in-munich-on-july-15-2026,munich,C,whole,metar,EDDM,27°C,27.0,27.0,iem_metar,2026-07-16T07:55:09Z
2026-07-15,highest-temperature-in-nyc-on-july-15-2026,nyc,F,whole,metar,KLGA,98-99°F,36.7,98.0,iem_metar,2026-07-16T07:55:09Z
2026-07-15,highest-temperature-in-panama-city-on-july-15-2026,panama-city,C,whole,metar,MPMG,34°C,34.0,34.0,iem_metar,2026-07-16T07:55:09Z
2026-07-15,highest-temperature-in-paris-on-july-15-2026,paris,C,whole,metar,LFPB,31°C,31.0,31.0,iem_metar,2026-07-16T07:55:09Z
2026-07-15,highest-temperature-in-qingdao-on-july-15-2026,qingdao,C,whole,metar,ZSQD,30°C,30.0,30.0,iem_metar,2026-07-16T07:55:09Z
2026-07-15,highest-temperature-in-sao-paulo-on-july-15-2026,sao-paulo,C,whole,metar,SBGR,21°C,21.0,21.0,iem_metar,2026-07-16T07:55:09Z
2026-07-15,highest-temperature-in-seoul-on-july-15-2026,seoul,C,whole,metar,RKSI,28°C,28.0,28.0,iem_metar,2026-07-16T07:55:09Z
2026-07-15,highest-temperature-in-shanghai-on-july-15-2026,shanghai,C,whole,metar,ZSPD,39°C,39.0,39.0,iem_metar,2026-07-16T07:55:09Z
2026-07-15,highest-temperature-in-shenzhen-on-july-15-2026,shenzhen,C,whole,metar,ZGSZ,29°C,29.0,29.0,iem_metar,2026-07-16T07:55:09Z
2026-07-15,highest-temperature-in-singapore-on-july-15-2026,singapore,C,whole,metar,WSSS,32°C,32.0,32.0,iem_metar,2026-07-16T07:55:09Z
2026-07-15,highest-temperature-in-taipei-on-july-15-2026,taipei,C,whole,metar,RCSS,36°C,36.0,36.0,iem_metar,2026-07-16T07:55:09Z
2026-07-15,highest-temperature-in-tel-aviv-on-july-15-2026,tel-aviv,C,whole,geocode,tel-aviv,32°C,30.1,30.1,openmeteo_grid,2026-07-16T07:55:09Z
2026-07-15,highest-temperature-in-tokyo-on-july-15-2026,tokyo,C,whole,metar,RJTT,33°C,33.0,33.0,iem_metar,2026-07-16T07:55:09Z
2026-07-15,highest-temperature-in-toronto-on-july-15-2026,toronto,C,whole,metar,CYYZ,<=28°C,28.0,28.0,iem_metar,2026-07-16T07:55:09Z
2026-07-15,highest-temperature-in-warsaw-on-july-15-2026,warsaw,C,whole,metar,EPWA,28°C,28.0,28.0,iem_metar,2026-07-16T07:55:09Z
2026-07-15,highest-temperature-in-wellington-on-july-15-2026,wellington,C,whole,metar,NZWN,16°C,16.0,16.0,iem_metar,2026-07-16T07:55:09Z
2026-07-15,highest-temperature-in-wuhan-on-july-15-2026,wuhan,C,whole,metar,ZHHH,37°C,37.0,37.0,iem_metar,2026-07-16T07:55:09Z
2026-07-15,highest-temperature-in-los-angeles-on-july-15-2026,los-angeles,F,whole,metar,KLAX,80-81°F,27.2,81.0,iem_metar,2026-07-16T09:44:26Z
2026-07-15,highest-temperature-in-mexico-city-on-july-15-2026,mexico-city,C,whole,metar,MMMX,25°C,25.0,25.0,iem_metar,2026-07-16T09:44:26Z
2026-07-15,highest-temperature-in-san-francisco-on-july-15-2026,san-francisco,F,whole,metar,KSFO,72-73°F,23.3,74.0,iem_metar,2026-07-16T09:44:26Z
2026-07-15,highest-temperature-in-seattle-on-july-15-2026,seattle,F,whole,metar,KSEA,82-83°F,28.3,83.0,iem_metar,2026-07-16T09:44:26Z
2026-07-15,highest-temperature-in-austin-on-july-15-2026,austin,F,whole,metar,KAUS,80-81°F,26.7,80.0,iem_metar,2026-07-16T14:53:48Z
2026-07-16,highest-temperature-in-amsterdam-on-july-16-2026,amsterdam,C,whole,metar,EHAM,24°C,24.0,24.0,iem_metar,2026-07-17T07:41:36Z
2026-07-16,highest-temperature-in-ankara-on-july-16-2026,ankara,C,whole,metar,LTAC,30°C,30.0,30.0,iem_metar,2026-07-17T07:41:36Z
2026-07-16,highest-temperature-in-atlanta-on-july-16-2026,atlanta,F,whole,metar,KATL,92-93°F,32.1,89.8,openmeteo_grid,2026-07-17T07:41:36Z
2026-07-16,highest-temperature-in-austin-on-july-16-2026,austin,F,whole,metar,KAUS,88-89°F,32.2,90.0,iem_metar,2026-07-17T07:41:36Z
2026-07-16,highest-temperature-in-beijing-on-july-16-2026,beijing,C,whole,metar,ZBAA,34°C,34.0,34.0,iem_metar,2026-07-17T07:41:36Z
2026-07-16,highest-temperature-in-buenos-aires-on-july-16-2026,buenos-aires,C,whole,metar,SAEZ,24°C,24.0,24.0,iem_metar,2026-07-17T07:41:36Z
2026-07-16,highest-temperature-in-busan-on-july-16-2026,busan,C,whole,metar,RKPK,35°C,35.0,35.0,iem_metar,2026-07-17T07:41:36Z
2026-07-16,highest-temperature-in-cape-town-on-july-16-2026,cape-town,C,whole,metar,FACT,19°C,19.0,19.0,iem_metar,2026-07-17T07:41:36Z
2026-07-16,highest-temperature-in-chengdu-on-july-16-2026,chengdu,C,whole,metar,ZUUU,38°C,38.0,38.0,iem_metar,2026-07-17T07:41:36Z
2026-07-16,highest-temperature-in-chicago-on-july-16-2026,chicago,F,whole,metar,KORD,90-91°F,30.9,87.6,openmeteo_grid,2026-07-17T07:41:36Z
2026-07-16,highest-temperature-in-chongqing-on-july-16-2026,chongqing,C,whole,metar,ZUCK,40°C,40.0,40.0,iem_metar,2026-07-17T07:41:36Z
2026-07-16,highest-temperature-in-dallas-on-july-16-2026,dallas,F,whole,geocode,dallas,88-89°F,33.3,91.9,openmeteo_grid,2026-07-17T07:41:36Z
2026-07-16,highest-temperature-in-denver-on-july-16-2026,denver,F,whole,geocode,denver,92-93°F,34.5,94.1,openmeteo_grid,2026-07-17T07:41:36Z
2026-07-16,highest-temperature-in-guangzhou-on-july-16-2026,guangzhou,C,whole,metar,ZGGG,32°C,32.0,32.0,iem_metar,2026-07-17T07:41:36Z
2026-07-16,highest-temperature-in-helsinki-on-july-16-2026,helsinki,C,whole,metar,EFHK,22°C,22.0,22.0,iem_metar,2026-07-17T07:41:36Z
2026-07-16,highest-temperature-in-hong-kong-on-july-16-2026,hong-kong,C,decimal,hko,HKO,27°C,29.0,29.0,iem_vhhh_proxy,2026-07-17T07:41:36Z
2026-07-16,highest-temperature-in-houston-on-july-16-2026,houston,F,whole,metar,KHOU,90-91°F,34.5,94.1,openmeteo_grid,2026-07-17T07:41:36Z
2026-07-16,highest-temperature-in-istanbul-on-july-16-2026,istanbul,C,whole,geocode,istanbul,28°C,29.7,29.7,openmeteo_grid,2026-07-17T07:41:36Z
2026-07-16,highest-temperature-in-jeddah-on-july-16-2026,jeddah,C,whole,metar,OEJN,>=38°C,38.0,38.0,iem_metar,2026-07-17T07:41:36Z
2026-07-16,highest-temperature-in-karachi-on-july-16-2026,karachi,C,whole,metar,OPKC,33°C,33.0,33.0,iem_metar,2026-07-17T07:41:36Z
2026-07-16,highest-temperature-in-kuala-lumpur-on-july-16-2026,kuala-lumpur,C,whole,metar,WMKK,34°C,34.0,34.0,iem_metar,2026-07-17T07:41:36Z
2026-07-16,highest-temperature-in-london-on-july-16-2026,london,C,whole,metar,EGLC,27°C,27.0,27.0,iem_metar,2026-07-17T07:41:36Z
2026-07-16,highest-temperature-in-lucknow-on-july-16-2026,lucknow,C,whole,metar,VILK,33°C,33.0,33.0,iem_metar,2026-07-17T07:41:36Z
2026-07-16,highest-temperature-in-madrid-on-july-16-2026,madrid,C,whole,metar,LEMD,35°C,35.0,35.0,iem_metar,2026-07-17T07:41:36Z
2026-07-16,highest-temperature-in-manila-on-july-16-2026,manila,C,whole,metar,RPLL,33°C,33.0,33.0,iem_metar,2026-07-17T07:41:36Z
2026-07-16,highest-temperature-in-mexico-city-on-july-16-2026,mexico-city,C,whole,metar,MMMX,25°C,25.0,25.0,iem_metar,2026-07-17T07:41:36Z
2026-07-16,highest-temperature-in-miami-on-july-16-2026,miami,F,whole,metar,KMIA,96-97°F,33.4,92.1,openmeteo_grid,2026-07-17T07:41:36Z
2026-07-16,highest-temperature-in-milan-on-july-16-2026,milan,C,whole,metar,LIMC,33°C,33.0,33.0,iem_metar,2026-07-17T07:41:36Z
2026-07-16,highest-temperature-in-moscow-on-july-16-2026,moscow,C,whole,geocode,moscow,19°C,19.7,19.7,openmeteo_grid,2026-07-17T07:41:36Z
2026-07-16,highest-temperature-in-munich-on-july-16-2026,munich,C,whole,metar,EDDM,31°C,31.0,31.0,iem_metar,2026-07-17T07:41:36Z
2026-07-16,highest-temperature-in-nyc-on-july-16-2026,nyc,F,whole,metar,KLGA,88-89°F,31.1,88.0,iem_metar,2026-07-17T07:41:36Z
2026-07-16,highest-temperature-in-panama-city-on-july-16-2026,panama-city,C,whole,metar,MPMG,34°C,34.0,34.0,iem_metar,2026-07-17T07:41:36Z
2026-07-16,highest-temperature-in-paris-on-july-16-2026,paris,C,whole,metar,LFPB,33°C,33.0,33.0,iem_metar,2026-07-17T07:41:36Z
2026-07-16,highest-temperature-in-qingdao-on-july-16-2026,qingdao,C,whole,metar,ZSQD,29°C,29.0,29.0,iem_metar,2026-07-17T07:41:36Z
2026-07-16,highest-temperature-in-sao-paulo-on-july-16-2026,sao-paulo,C,whole,metar,SBGR,26°C,26.0,26.0,iem_metar,2026-07-17T07:41:36Z
2026-07-16,highest-temperature-in-seoul-on-july-16-2026,seoul,C,whole,metar,RKSI,28°C,28.0,28.0,iem_metar,2026-07-17T07:41:36Z
2026-07-16,highest-temperature-in-shanghai-on-july-16-2026,shanghai,C,whole,metar,ZSPD,38°C,38.0,38.0,iem_metar,2026-07-17T07:41:36Z
2026-07-16,highest-temperature-in-shenzhen-on-july-16-2026,shenzhen,C,whole,metar,ZGSZ,27°C,28.0,28.0,iem_metar,2026-07-17T07:41:36Z
2026-07-16,highest-temperature-in-singapore-on-july-16-2026,singapore,C,whole,metar,WSSS,32°C,32.0,32.0,iem_metar,2026-07-17T07:41:36Z
2026-07-16,highest-temperature-in-taipei-on-july-16-2026,taipei,C,whole,metar,RCSS,36°C,36.0,36.0,iem_metar,2026-07-17T07:41:36Z
2026-07-16,highest-temperature-in-tel-aviv-on-july-16-2026,tel-aviv,C,whole,geocode,tel-aviv,32°C,30.6,30.6,openmeteo_grid,2026-07-17T07:41:36Z
2026-07-16,highest-temperature-in-tokyo-on-july-16-2026,tokyo,C,whole,metar,RJTT,33°C,33.0,33.0,iem_metar,2026-07-17T07:41:36Z
2026-07-16,highest-temperature-in-toronto-on-july-16-2026,toronto,C,whole,metar,CYYZ,30°C,30.0,30.0,iem_metar,2026-07-17T07:41:36Z
2026-07-16,highest-temperature-in-warsaw-on-july-16-2026,warsaw,C,whole,metar,EPWA,30°C,30.0,30.0,iem_metar,2026-07-17T07:41:36Z
2026-07-16,highest-temperature-in-wellington-on-july-16-2026,wellington,C,whole,metar,NZWN,16°C,16.0,16.0,iem_metar,2026-07-17T07:41:36Z
2026-07-16,highest-temperature-in-wuhan-on-july-16-2026,wuhan,C,whole,metar,ZHHH,37°C,37.0,37.0,iem_metar,2026-07-17T07:41:36Z
2026-07-16,highest-temperature-in-los-angeles-on-july-16-2026,los-angeles,F,whole,metar,KLAX,82-83°F,28.9,84.0,iem_metar,2026-07-17T09:19:35Z
2026-07-16,highest-temperature-in-san-francisco-on-july-16-2026,san-francisco,F,whole,metar,KSFO,68-69°F,20.6,69.0,iem_metar,2026-07-17T09:19:35Z
2026-07-16,highest-temperature-in-seattle-on-july-16-2026,seattle,F,whole,metar,KSEA,64-65°F,18.3,65.0,iem_metar,2026-07-17T09:19:35Z
2026-07-17,highest-temperature-in-amsterdam-on-july-17-2026,amsterdam,C,whole,metar,EHAM,22°C,22.0,22.0,iem_metar,2026-07-18T07:09:46Z
2026-07-17,highest-temperature-in-ankara-on-july-17-2026,ankara,C,whole,metar,LTAC,30°C,30.0,30.0,iem_metar,2026-07-18T07:09:46Z
2026-07-17,highest-temperature-in-atlanta-on-july-17-2026,atlanta,F,whole,metar,KATL,88-89°F,31.9,89.4,openmeteo_grid,2026-07-18T07:09:46Z
2026-07-17,highest-temperature-in-austin-on-july-17-2026,austin,F,whole,metar,KAUS,94-95°F,34.4,94.0,iem_metar,2026-07-18T07:09:46Z
2026-07-17,highest-temperature-in-beijing-on-july-17-2026,beijing,C,whole,metar,ZBAA,31°C,31.0,31.0,iem_metar,2026-07-18T07:09:46Z
2026-07-17,highest-temperature-in-buenos-aires-on-july-17-2026,buenos-aires,C,whole,metar,SAEZ,24°C,24.0,24.0,iem_metar,2026-07-18T07:09:46Z
2026-07-17,highest-temperature-in-busan-on-july-17-2026,busan,C,whole,metar,RKPK,31°C,31.0,31.0,iem_metar,2026-07-18T07:09:46Z
2026-07-17,highest-temperature-in-cape-town-on-july-17-2026,cape-town,C,whole,metar,FACT,20°C,20.0,20.0,iem_metar,2026-07-18T07:09:46Z
2026-07-17,highest-temperature-in-chengdu-on-july-17-2026,chengdu,C,whole,metar,ZUUU,<=29°C,29.0,29.0,iem_metar,2026-07-18T07:09:46Z
2026-07-17,highest-temperature-in-chicago-on-july-17-2026,chicago,F,whole,metar,KORD,92-93°F,32.8,91.0,openmeteo_grid,2026-07-18T07:09:46Z
2026-07-17,highest-temperature-in-chongqing-on-july-17-2026,chongqing,C,whole,metar,ZUCK,34°C,34.0,34.0,iem_metar,2026-07-18T07:09:46Z
2026-07-17,highest-temperature-in-dallas-on-july-17-2026,dallas,F,whole,geocode,dallas,94-95°F,35.3,95.5,openmeteo_grid,2026-07-18T07:09:46Z
2026-07-17,highest-temperature-in-guangzhou-on-july-17-2026,guangzhou,C,whole,metar,ZGGG,34°C,34.0,34.0,iem_metar,2026-07-18T07:09:46Z
2026-07-17,highest-temperature-in-helsinki-on-july-17-2026,helsinki,C,whole,metar,EFHK,24°C,24.0,24.0,iem_metar,2026-07-18T07:09:46Z
2026-07-17,highest-temperature-in-houston-on-july-17-2026,houston,F,whole,metar,KHOU,92-93°F,34.6,94.3,openmeteo_grid,2026-07-18T07:09:46Z
2026-07-17,highest-temperature-in-istanbul-on-july-17-2026,istanbul,C,whole,geocode,istanbul,28°C,30.3,30.3,openmeteo_grid,2026-07-18T07:09:46Z
2026-07-17,highest-temperature-in-jeddah-on-july-17-2026,jeddah,C,whole,metar,OEJN,38°C,38.0,38.0,iem_metar,2026-07-18T07:09:46Z
2026-07-17,highest-temperature-in-karachi-on-july-17-2026,karachi,C,whole,metar,OPKC,34°C,34.0,34.0,iem_metar,2026-07-18T07:09:46Z
2026-07-17,highest-temperature-in-kuala-lumpur-on-july-17-2026,kuala-lumpur,C,whole,metar,WMKK,34°C,34.0,34.0,iem_metar,2026-07-18T07:09:46Z
2026-07-17,highest-temperature-in-london-on-july-17-2026,london,C,whole,metar,EGLC,27°C,27.0,27.0,iem_metar,2026-07-18T07:09:46Z
2026-07-17,highest-temperature-in-lucknow-on-july-17-2026,lucknow,C,whole,metar,VILK,>=35°C,35.0,35.0,iem_metar,2026-07-18T07:09:46Z
2026-07-17,highest-temperature-in-madrid-on-july-17-2026,madrid,C,whole,metar,LEMD,34°C,34.0,34.0,iem_metar,2026-07-18T07:09:46Z
2026-07-17,highest-temperature-in-manila-on-july-17-2026,manila,C,whole,metar,RPLL,32°C,32.0,32.0,iem_metar,2026-07-18T07:09:46Z
2026-07-17,highest-temperature-in-miami-on-july-17-2026,miami,F,whole,metar,KMIA,92-93°F,33.5,92.3,openmeteo_grid,2026-07-18T07:09:46Z
2026-07-17,highest-temperature-in-milan-on-july-17-2026,milan,C,whole,metar,LIMC,33°C,33.0,33.0,iem_metar,2026-07-18T07:09:46Z
2026-07-17,highest-temperature-in-moscow-on-july-17-2026,moscow,C,whole,geocode,moscow,21°C,21.8,21.8,openmeteo_grid,2026-07-18T07:09:46Z
2026-07-17,highest-temperature-in-munich-on-july-17-2026,munich,C,whole,metar,EDDM,29°C,29.0,29.0,iem_metar,2026-07-18T07:09:46Z
2026-07-17,highest-temperature-in-nyc-on-july-17-2026,nyc,F,whole,metar,KLGA,86-87°F,31.1,88.0,iem_metar,2026-07-18T07:09:46Z
2026-07-17,highest-temperature-in-panama-city-on-july-17-2026,panama-city,C,whole,metar,MPMG,34°C,34.0,34.0,iem_metar,2026-07-18T07:09:46Z
2026-07-17,highest-temperature-in-paris-on-july-17-2026,paris,C,whole,metar,LFPB,26°C,26.0,26.0,iem_metar,2026-07-18T07:09:46Z
2026-07-17,highest-temperature-in-qingdao-on-july-17-2026,qingdao,C,whole,metar,ZSQD,26°C,26.0,26.0,iem_metar,2026-07-18T07:09:46Z
2026-07-17,highest-temperature-in-sao-paulo-on-july-17-2026,sao-paulo,C,whole,metar,SBGR,24°C,24.0,24.0,iem_metar,2026-07-18T07:09:46Z
2026-07-17,highest-temperature-in-seoul-on-july-17-2026,seoul,C,whole,metar,RKSI,31°C,31.0,31.0,iem_metar,2026-07-18T07:09:46Z
2026-07-17,highest-temperature-in-shanghai-on-july-17-2026,shanghai,C,whole,metar,ZSPD,39°C,39.0,39.0,iem_metar,2026-07-18T07:09:46Z
2026-07-17,highest-temperature-in-shenzhen-on-july-17-2026,shenzhen,C,whole,metar,ZGSZ,29°C,30.0,30.0,iem_metar,2026-07-18T07:09:46Z
2026-07-17,highest-temperature-in-singapore-on-july-17-2026,singapore,C,whole,metar,WSSS,30°C,30.0,30.0,iem_metar,2026-07-18T07:09:46Z
2026-07-17,highest-temperature-in-taipei-on-july-17-2026,taipei,C,whole,metar,RCSS,37°C,37.0,37.0,iem_metar,2026-07-18T07:09:46Z
2026-07-17,highest-temperature-in-tel-aviv-on-july-17-2026,tel-aviv,C,whole,geocode,tel-aviv,32°C,30.8,30.8,openmeteo_grid,2026-07-18T07:09:46Z
2026-07-17,highest-temperature-in-tokyo-on-july-17-2026,tokyo,C,whole,metar,RJTT,32°C,32.0,32.0,iem_metar,2026-07-18T07:09:46Z
2026-07-17,highest-temperature-in-toronto-on-july-17-2026,toronto,C,whole,metar,CYYZ,26°C,26.0,26.0,iem_metar,2026-07-18T07:09:46Z
2026-07-17,highest-temperature-in-warsaw-on-july-17-2026,warsaw,C,whole,metar,EPWA,31°C,31.0,31.0,iem_metar,2026-07-18T07:09:46Z
2026-07-17,highest-temperature-in-wellington-on-july-17-2026,wellington,C,whole,metar,NZWN,15°C,15.0,15.0,iem_metar,2026-07-18T07:09:46Z
2026-07-17,highest-temperature-in-wuhan-on-july-17-2026,wuhan,C,whole,metar,ZHHH,35°C,35.0,35.0,iem_metar,2026-07-18T07:09:46Z
2026-07-17,highest-temperature-in-denver-on-july-17-2026,denver,F,whole,geocode,denver,92-93°F,34.8,94.6,openmeteo_grid,2026-07-18T15:33:36Z
2026-07-17,highest-temperature-in-los-angeles-on-july-17-2026,los-angeles,F,whole,metar,KLAX,86-87°F,30.0,86.0,iem_metar,2026-07-18T15:33:36Z
2026-07-17,highest-temperature-in-mexico-city-on-july-17-2026,mexico-city,C,whole,metar,MMMX,24°C,24.0,24.0,iem_metar,2026-07-18T15:33:36Z
2026-07-17,highest-temperature-in-san-francisco-on-july-17-2026,san-francisco,F,whole,metar,KSFO,66-67°F,20.0,68.0,iem_metar,2026-07-18T15:33:36Z
2026-07-17,highest-temperature-in-seattle-on-july-17-2026,seattle,F,whole,metar,KSEA,70-71°F,22.2,72.0,iem_metar,2026-07-18T15:33:36Z
2026-07-18,highest-temperature-in-amsterdam-on-july-18-2026,amsterdam,C,whole,metar,EHAM,19°C,19.0,19.0,iem_metar,2026-07-19T08:23:49Z
2026-07-18,highest-temperature-in-ankara-on-july-18-2026,ankara,C,whole,metar,LTAC,29°C,29.0,29.0,iem_metar,2026-07-19T08:23:49Z
2026-07-18,highest-temperature-in-atlanta-on-july-18-2026,atlanta,F,whole,metar,KATL,92-93°F,33.8,92.8,openmeteo_grid,2026-07-19T08:23:49Z
2026-07-18,highest-temperature-in-austin-on-july-18-2026,austin,F,whole,metar,KAUS,94-95°F,35.0,95.0,iem_metar,2026-07-19T08:23:49Z
2026-07-18,highest-temperature-in-beijing-on-july-18-2026,beijing,C,whole,metar,ZBAA,31°C,31.0,31.0,iem_metar,2026-07-19T08:23:49Z
2026-07-18,highest-temperature-in-buenos-aires-on-july-18-2026,buenos-aires,C,whole,metar,SAEZ,19°C,19.0,19.0,iem_metar,2026-07-19T08:23:49Z
2026-07-18,highest-temperature-in-busan-on-july-18-2026,busan,C,whole,metar,RKPK,30°C,30.0,30.0,iem_metar,2026-07-19T08:23:49Z
2026-07-18,highest-temperature-in-cape-town-on-july-18-2026,cape-town,C,whole,metar,FACT,16°C,16.0,16.0,iem_metar,2026-07-19T08:23:49Z
2026-07-18,highest-temperature-in-chengdu-on-july-18-2026,chengdu,C,whole,metar,ZUUU,34°C,34.0,34.0,iem_metar,2026-07-19T08:23:49Z
2026-07-18,highest-temperature-in-chicago-on-july-18-2026,chicago,F,whole,metar,KORD,90-91°F,32.9,91.2,openmeteo_grid,2026-07-19T08:23:49Z
2026-07-18,highest-temperature-in-chongqing-on-july-18-2026,chongqing,C,whole,metar,ZUCK,34°C,34.0,34.0,iem_metar,2026-07-19T08:23:49Z
2026-07-18,highest-temperature-in-dallas-on-july-18-2026,dallas,F,whole,geocode,dallas,96-97°F,36.3,97.3,openmeteo_grid,2026-07-19T08:23:49Z
2026-07-18,highest-temperature-in-denver-on-july-18-2026,denver,F,whole,geocode,denver,94-95°F,35.7,96.3,openmeteo_grid,2026-07-19T08:23:49Z
2026-07-18,highest-temperature-in-guangzhou-on-july-18-2026,guangzhou,C,whole,metar,ZGGG,31°C,31.0,31.0,iem_metar,2026-07-19T08:23:49Z
2026-07-18,highest-temperature-in-helsinki-on-july-18-2026,helsinki,C,whole,metar,EFHK,26°C,26.0,26.0,iem_metar,2026-07-19T08:23:49Z
2026-07-18,highest-temperature-in-houston-on-july-18-2026,houston,F,whole,metar,KHOU,92-93°F,35.2,95.4,openmeteo_grid,2026-07-19T08:23:49Z
2026-07-18,highest-temperature-in-istanbul-on-july-18-2026,istanbul,C,whole,geocode,istanbul,28°C,29.5,29.5,openmeteo_grid,2026-07-19T08:23:49Z
2026-07-18,highest-temperature-in-jeddah-on-july-18-2026,jeddah,C,whole,metar,OEJN,39°C,39.0,39.0,iem_metar,2026-07-19T08:23:49Z
2026-07-18,highest-temperature-in-karachi-on-july-18-2026,karachi,C,whole,metar,OPKC,33°C,33.0,33.0,iem_metar,2026-07-19T08:23:49Z
2026-07-18,highest-temperature-in-kuala-lumpur-on-july-18-2026,kuala-lumpur,C,whole,metar,WMKK,32°C,32.0,32.0,iem_metar,2026-07-19T08:23:49Z
2026-07-18,highest-temperature-in-london-on-july-18-2026,london,C,whole,metar,EGLC,21°C,21.0,21.0,iem_metar,2026-07-19T08:23:49Z
2026-07-18,highest-temperature-in-los-angeles-on-july-18-2026,los-angeles,F,whole,metar,KLAX,78-79°F,25.6,78.0,iem_metar,2026-07-19T08:23:49Z
2026-07-18,highest-temperature-in-lucknow-on-july-18-2026,lucknow,C,whole,metar,VILK,31°C,31.0,31.0,iem_metar,2026-07-19T08:23:49Z
2026-07-18,highest-temperature-in-madrid-on-july-18-2026,madrid,C,whole,metar,LEMD,36°C,36.0,36.0,iem_metar,2026-07-19T08:23:49Z
2026-07-18,highest-temperature-in-manila-on-july-18-2026,manila,C,whole,metar,RPLL,32°C,32.0,32.0,iem_metar,2026-07-19T08:23:49Z
2026-07-18,highest-temperature-in-mexico-city-on-july-18-2026,mexico-city,C,whole,metar,MMMX,25°C,25.0,25.0,iem_metar,2026-07-19T08:23:49Z
2026-07-18,highest-temperature-in-miami-on-july-18-2026,miami,F,whole,metar,KMIA,90-91°F,31.9,89.4,openmeteo_grid,2026-07-19T08:23:49Z
2026-07-18,highest-temperature-in-milan-on-july-18-2026,milan,C,whole,metar,LIMC,34°C,34.0,34.0,iem_metar,2026-07-19T08:23:49Z
2026-07-18,highest-temperature-in-moscow-on-july-18-2026,moscow,C,whole,geocode,moscow,24°C,25.3,25.3,openmeteo_grid,2026-07-19T08:23:49Z
2026-07-18,highest-temperature-in-munich-on-july-18-2026,munich,C,whole,metar,EDDM,26°C,26.0,26.0,iem_metar,2026-07-19T08:23:49Z
2026-07-18,highest-temperature-in-nyc-on-july-18-2026,nyc,F,whole,metar,KLGA,80-81°F,26.7,80.0,iem_metar,2026-07-19T08:23:49Z
2026-07-18,highest-temperature-in-panama-city-on-july-18-2026,panama-city,C,whole,metar,MPMG,33°C,33.0,33.0,iem_metar,2026-07-19T08:23:49Z
2026-07-18,highest-temperature-in-paris-on-july-18-2026,paris,C,whole,metar,LFPB,29°C,29.0,29.0,iem_metar,2026-07-19T08:23:49Z
2026-07-18,highest-temperature-in-qingdao-on-july-18-2026,qingdao,C,whole,metar,ZSQD,31°C,31.0,31.0,iem_metar,2026-07-19T08:23:49Z
2026-07-18,highest-temperature-in-sao-paulo-on-july-18-2026,sao-paulo,C,whole,metar,SBGR,24°C,24.0,24.0,iem_metar,2026-07-19T08:23:49Z
2026-07-18,highest-temperature-in-seoul-on-july-18-2026,seoul,C,whole,metar,RKSI,26°C,26.0,26.0,iem_metar,2026-07-19T08:23:49Z
2026-07-18,highest-temperature-in-shanghai-on-july-18-2026,shanghai,C,whole,metar,ZSPD,37°C,37.0,37.0,iem_metar,2026-07-19T08:23:49Z
2026-07-18,highest-temperature-in-shenzhen-on-july-18-2026,shenzhen,C,whole,metar,ZGSZ,31°C,30.0,30.0,iem_metar,2026-07-19T08:23:49Z
2026-07-18,highest-temperature-in-singapore-on-july-18-2026,singapore,C,whole,metar,WSSS,32°C,32.0,32.0,iem_metar,2026-07-19T08:23:49Z
2026-07-18,highest-temperature-in-taipei-on-july-18-2026,taipei,C,whole,metar,RCSS,36°C,36.0,36.0,iem_metar,2026-07-19T08:23:49Z
2026-07-18,highest-temperature-in-tel-aviv-on-july-18-2026,tel-aviv,C,whole,geocode,tel-aviv,35°C,32.3,32.3,openmeteo_grid,2026-07-19T08:23:49Z
2026-07-18,highest-temperature-in-tokyo-on-july-18-2026,tokyo,C,whole,metar,RJTT,29°C,29.0,29.0,iem_metar,2026-07-19T08:23:49Z
2026-07-18,highest-temperature-in-toronto-on-july-18-2026,toronto,C,whole,metar,CYYZ,28°C,28.0,28.0,iem_metar,2026-07-19T08:23:49Z
2026-07-18,highest-temperature-in-warsaw-on-july-18-2026,warsaw,C,whole,metar,EPWA,26°C,26.0,26.0,iem_metar,2026-07-19T08:23:49Z
2026-07-18,highest-temperature-in-wellington-on-july-18-2026,wellington,C,whole,metar,NZWN,15°C,15.0,15.0,iem_metar,2026-07-19T08:23:49Z
2026-07-18,highest-temperature-in-wuhan-on-july-18-2026,wuhan,C,whole,metar,ZHHH,31°C,31.0,31.0,iem_metar,2026-07-19T08:23:49Z
2026-07-18,highest-temperature-in-san-francisco-on-july-18-2026,san-francisco,F,whole,metar,KSFO,70-71°F,22.2,72.0,iem_metar,2026-07-19T09:35:06Z
2026-07-18,highest-temperature-in-seattle-on-july-18-2026,seattle,F,whole,metar,KSEA,74-75°F,23.9,75.0,iem_metar,2026-07-19T09:35:06Z
2026-07-19,highest-temperature-in-amsterdam-on-july-19-2026,amsterdam,C,whole,metar,EHAM,20°C,20.0,20.0,iem_metar,2026-07-20T06:35:41Z
2026-07-19,highest-temperature-in-ankara-on-july-19-2026,ankara,C,whole,metar,LTAC,32°C,32.0,32.0,iem_metar,2026-07-20T06:35:41Z
2026-07-19,highest-temperature-in-atlanta-on-july-19-2026,atlanta,F,whole,metar,KATL,90-91°F,31.6,88.9,openmeteo_grid,2026-07-20T06:35:41Z
2026-07-19,highest-temperature-in-beijing-on-july-19-2026,beijing,C,whole,metar,ZBAA,33°C,33.0,33.0,iem_metar,2026-07-20T06:35:41Z
2026-07-19,highest-temperature-in-buenos-aires-on-july-19-2026,buenos-aires,C,whole,metar,SAEZ,13°C,13.0,13.0,iem_metar,2026-07-20T06:35:41Z
2026-07-19,highest-temperature-in-busan-on-july-19-2026,busan,C,whole,metar,RKPK,29°C,29.0,29.0,iem_metar,2026-07-20T06:35:41Z
2026-07-19,highest-temperature-in-cape-town-on-july-19-2026,cape-town,C,whole,metar,FACT,14°C,14.0,14.0,iem_metar,2026-07-20T06:35:41Z
2026-07-19,highest-temperature-in-chengdu-on-july-19-2026,chengdu,C,whole,metar,ZUUU,37°C,37.0,37.0,iem_metar,2026-07-20T06:35:41Z
2026-07-19,highest-temperature-in-chicago-on-july-19-2026,chicago,F,whole,metar,KORD,78-79°F,26.2,79.2,openmeteo_grid,2026-07-20T06:35:41Z
2026-07-19,highest-temperature-in-chongqing-on-july-19-2026,chongqing,C,whole,metar,ZUCK,35°C,35.0,35.0,iem_metar,2026-07-20T06:35:41Z
2026-07-19,highest-temperature-in-dallas-on-july-19-2026,dallas,F,whole,geocode,dallas,98-99°F,37.3,99.1,openmeteo_grid,2026-07-20T06:35:41Z
2026-07-19,highest-temperature-in-guangzhou-on-july-19-2026,guangzhou,C,whole,metar,ZGGG,32°C,32.0,32.0,iem_metar,2026-07-20T06:35:41Z
2026-07-19,highest-temperature-in-helsinki-on-july-19-2026,helsinki,C,whole,metar,EFHK,20°C,20.0,20.0,iem_metar,2026-07-20T06:35:41Z
2026-07-17,highest-temperature-in-hong-kong-on-july-17-2026,hong-kong,C,decimal,hko,HKO,30°C,31.0,31.0,iem_vhhh_proxy,2026-07-20T06:35:41Z
2026-07-18,highest-temperature-in-hong-kong-on-july-18-2026,hong-kong,C,decimal,hko,HKO,30°C,32.0,32.0,iem_vhhh_proxy,2026-07-20T06:35:41Z
2026-07-19,highest-temperature-in-hong-kong-on-july-19-2026,hong-kong,C,decimal,hko,HKO,30°C,32.0,32.0,iem_vhhh_proxy,2026-07-20T06:35:41Z
2026-07-19,highest-temperature-in-istanbul-on-july-19-2026,istanbul,C,whole,geocode,istanbul,28°C,29.6,29.6,openmeteo_grid,2026-07-20T06:35:41Z
2026-07-19,highest-temperature-in-jeddah-on-july-19-2026,jeddah,C,whole,metar,OEJN,38°C,38.0,38.0,iem_metar,2026-07-20T06:35:41Z
2026-07-19,highest-temperature-in-karachi-on-july-19-2026,karachi,C,whole,metar,OPKC,32°C,32.0,32.0,iem_metar,2026-07-20T06:35:41Z
2026-07-19,highest-temperature-in-kuala-lumpur-on-july-19-2026,kuala-lumpur,C,whole,metar,WMKK,32°C,32.0,32.0,iem_metar,2026-07-20T06:35:41Z
2026-07-19,highest-temperature-in-london-on-july-19-2026,london,C,whole,metar,EGLC,21°C,21.0,21.0,iem_metar,2026-07-20T06:35:41Z
2026-07-19,highest-temperature-in-lucknow-on-july-19-2026,lucknow,C,whole,metar,VILK,29°C,29.0,29.0,iem_metar,2026-07-20T06:35:41Z
2026-07-19,highest-temperature-in-madrid-on-july-19-2026,madrid,C,whole,metar,LEMD,36°C,36.0,36.0,iem_metar,2026-07-20T06:35:41Z
2026-07-19,highest-temperature-in-manila-on-july-19-2026,manila,C,whole,metar,RPLL,33°C,33.0,33.0,iem_metar,2026-07-20T06:35:41Z
2026-07-19,highest-temperature-in-miami-on-july-19-2026,miami,F,whole,metar,KMIA,90-91°F,32.9,91.2,openmeteo_grid,2026-07-20T06:35:41Z
2026-07-19,highest-temperature-in-milan-on-july-19-2026,milan,C,whole,metar,LIMC,32°C,32.0,32.0,iem_metar,2026-07-20T06:35:41Z
2026-07-19,highest-temperature-in-moscow-on-july-19-2026,moscow,C,whole,geocode,moscow,27°C,26.8,26.8,openmeteo_grid,2026-07-20T06:35:41Z
2026-07-19,highest-temperature-in-munich-on-july-19-2026,munich,C,whole,metar,EDDM,23°C,23.0,23.0,iem_metar,2026-07-20T06:35:41Z
2026-07-19,highest-temperature-in-nyc-on-july-19-2026,nyc,F,whole,metar,KLGA,80-81°F,28.3,83.0,iem_metar,2026-07-20T06:35:41Z
2026-07-19,highest-temperature-in-panama-city-on-july-19-2026,panama-city,C,whole,metar,MPMG,32°C,32.0,32.0,iem_metar,2026-07-20T06:35:41Z
2026-07-19,highest-temperature-in-paris-on-july-19-2026,paris,C,whole,metar,LFPB,24°C,24.0,24.0,iem_metar,2026-07-20T06:35:41Z
2026-07-19,highest-temperature-in-qingdao-on-july-19-2026,qingdao,C,whole,metar,ZSQD,29°C,29.0,29.0,iem_metar,2026-07-20T06:35:41Z
2026-07-19,highest-temperature-in-sao-paulo-on-july-19-2026,sao-paulo,C,whole,metar,SBGR,26°C,26.0,26.0,iem_metar,2026-07-20T06:35:41Z
2026-07-19,highest-temperature-in-seoul-on-july-19-2026,seoul,C,whole,metar,RKSI,26°C,27.0,27.0,iem_metar,2026-07-20T06:35:41Z
2026-07-19,highest-temperature-in-shanghai-on-july-19-2026,shanghai,C,whole,metar,ZSPD,33°C,33.0,33.0,iem_metar,2026-07-20T06:35:41Z
2026-07-19,highest-temperature-in-shenzhen-on-july-19-2026,shenzhen,C,whole,metar,ZGSZ,31°C,31.0,31.0,iem_metar,2026-07-20T06:35:41Z
2026-07-19,highest-temperature-in-singapore-on-july-19-2026,singapore,C,whole,metar,WSSS,32°C,32.0,32.0,iem_metar,2026-07-20T06:35:41Z
2026-07-19,highest-temperature-in-taipei-on-july-19-2026,taipei,C,whole,metar,RCSS,36°C,36.0,36.0,iem_metar,2026-07-20T06:35:41Z
2026-07-19,highest-temperature-in-tel-aviv-on-july-19-2026,tel-aviv,C,whole,geocode,tel-aviv,34°C,32.7,32.7,openmeteo_grid,2026-07-20T06:35:41Z
2026-07-19,highest-temperature-in-tokyo-on-july-19-2026,tokyo,C,whole,metar,RJTT,32°C,32.0,32.0,iem_metar,2026-07-20T06:35:41Z
2026-07-19,highest-temperature-in-toronto-on-july-19-2026,toronto,C,whole,metar,CYYZ,25°C,25.0,25.0,iem_metar,2026-07-20T06:35:41Z
2026-07-19,highest-temperature-in-warsaw-on-july-19-2026,warsaw,C,whole,metar,EPWA,27°C,27.0,27.0,iem_metar,2026-07-20T06:35:41Z
2026-07-19,highest-temperature-in-wellington-on-july-19-2026,wellington,C,whole,metar,NZWN,13°C,13.0,13.0,iem_metar,2026-07-20T06:35:41Z
2026-07-19,highest-temperature-in-wuhan-on-july-19-2026,wuhan,C,whole,metar,ZHHH,33°C,33.0,33.0,iem_metar,2026-07-20T06:35:41Z
2026-07-19,highest-temperature-in-austin-on-july-19-2026,austin,F,whole,metar,KAUS,94-95°F,35.0,95.0,iem_metar,2026-07-20T10:35:51Z
2026-07-19,highest-temperature-in-denver-on-july-19-2026,denver,F,whole,geocode,denver,98-99°F,38.2,100.8,openmeteo_grid,2026-07-20T10:35:51Z
2026-07-19,highest-temperature-in-houston-on-july-19-2026,houston,F,whole,metar,KHOU,94-95°F,35.9,96.6,openmeteo_grid,2026-07-20T10:35:51Z
2026-07-19,highest-temperature-in-los-angeles-on-july-19-2026,los-angeles,F,whole,metar,KLAX,76-77°F,25.6,78.0,iem_metar,2026-07-20T10:35:51Z
2026-07-19,highest-temperature-in-mexico-city-on-july-19-2026,mexico-city,C,whole,metar,MMMX,25°C,25.0,25.0,iem_metar,2026-07-20T10:35:51Z
2026-07-19,highest-temperature-in-san-francisco-on-july-19-2026,san-francisco,F,whole,metar,KSFO,64-65°F,18.9,66.0,iem_metar,2026-07-20T10:35:51Z
2026-07-19,highest-temperature-in-seattle-on-july-19-2026,seattle,F,whole,metar,KSEA,78-79°F,25.6,78.0,iem_metar,2026-07-20T10:35:51Z
2026-07-20,highest-temperature-in-amsterdam-on-july-20-2026,amsterdam,C,whole,metar,EHAM,20°C,20.0,20.0,iem_metar,2026-07-21T09:42:34Z
2026-07-20,highest-temperature-in-ankara-on-july-20-2026,ankara,C,whole,metar,LTAC,33°C,33.0,33.0,iem_metar,2026-07-21T09:42:34Z
2026-07-20,highest-temperature-in-atlanta-on-july-20-2026,atlanta,F,whole,metar,KATL,92-93°F,33.3,91.9,openmeteo_grid,2026-07-21T09:42:34Z
2026-07-20,highest-temperature-in-austin-on-july-20-2026,austin,F,whole,metar,KAUS,96-97°F,36.1,97.0,iem_metar,2026-07-21T09:42:34Z
2026-07-20,highest-temperature-in-beijing-on-july-20-2026,beijing,C,whole,metar,ZBAA,30°C,30.0,30.0,iem_metar,2026-07-21T09:42:34Z
2026-07-20,highest-temperature-in-buenos-aires-on-july-20-2026,buenos-aires,C,whole,metar,SAEZ,15°C,15.0,15.0,iem_metar,2026-07-21T09:42:34Z
2026-07-20,highest-temperature-in-busan-on-july-20-2026,busan,C,whole,metar,RKPK,32°C,32.0,32.0,iem_metar,2026-07-21T09:42:34Z
2026-07-20,highest-temperature-in-cape-town-on-july-20-2026,cape-town,C,whole,metar,FACT,16°C,16.0,16.0,iem_metar,2026-07-21T09:42:34Z
2026-07-20,highest-temperature-in-chengdu-on-july-20-2026,chengdu,C,whole,metar,ZUUU,38°C,38.0,38.0,iem_metar,2026-07-21T09:42:34Z
2026-07-20,highest-temperature-in-chicago-on-july-20-2026,chicago,F,whole,metar,KORD,82-83°F,28.3,82.9,openmeteo_grid,2026-07-21T09:42:34Z
2026-07-20,highest-temperature-in-chongqing-on-july-20-2026,chongqing,C,whole,metar,ZUCK,38°C,38.0,38.0,iem_metar,2026-07-21T09:42:34Z
2026-07-20,highest-temperature-in-dallas-on-july-20-2026,dallas,F,whole,geocode,dallas,102-103°F,39.0,102.2,openmeteo_grid,2026-07-21T09:42:34Z
2026-07-20,highest-temperature-in-denver-on-july-20-2026,denver,F,whole,geocode,denver,100-101°F,39.3,102.7,openmeteo_grid,2026-07-21T09:42:34Z
2026-07-20,highest-temperature-in-guangzhou-on-july-20-2026,guangzhou,C,whole,metar,ZGGG,33°C,33.0,33.0,iem_metar,2026-07-21T09:42:34Z
2026-07-20,highest-temperature-in-helsinki-on-july-20-2026,helsinki,C,whole,metar,EFHK,21°C,21.0,21.0,iem_metar,2026-07-21T09:42:34Z
2026-07-20,highest-temperature-in-hong-kong-on-july-20-2026,hong-kong,C,decimal,hko,HKO,29°C,31.0,31.0,iem_vhhh_proxy,2026-07-21T09:42:34Z
2026-07-20,highest-temperature-in-houston-on-july-20-2026,houston,F,whole,metar,KHOU,94-95°F,35.9,96.6,openmeteo_grid,2026-07-21T09:42:34Z
2026-07-20,highest-temperature-in-istanbul-on-july-20-2026,istanbul,C,whole,geocode,istanbul,28°C,30.0,30.0,openmeteo_grid,2026-07-21T09:42:34Z
2026-07-20,highest-temperature-in-jeddah-on-july-20-2026,jeddah,C,whole,metar,OEJN,>=40°C,40.0,40.0,iem_metar,2026-07-21T09:42:34Z
2026-07-20,highest-temperature-in-karachi-on-july-20-2026,karachi,C,whole,metar,OPKC,33°C,33.0,33.0,iem_metar,2026-07-21T09:42:34Z
2026-07-20,highest-temperature-in-kuala-lumpur-on-july-20-2026,kuala-lumpur,C,whole,metar,WMKK,29°C,29.0,29.0,iem_metar,2026-07-21T09:42:34Z
2026-07-20,highest-temperature-in-london-on-july-20-2026,london,C,whole,metar,EGLC,25°C,25.0,25.0,iem_metar,2026-07-21T09:42:34Z
2026-07-20,highest-temperature-in-los-angeles-on-july-20-2026,los-angeles,F,whole,metar,KLAX,80-81°F,28.3,83.0,iem_metar,2026-07-21T09:42:34Z
2026-07-20,highest-temperature-in-lucknow-on-july-20-2026,lucknow,C,whole,metar,VILK,27°C,27.0,27.0,iem_metar,2026-07-21T09:42:34Z
2026-07-20,highest-temperature-in-madrid-on-july-20-2026,madrid,C,whole,metar,LEMD,36°C,36.0,36.0,iem_metar,2026-07-21T09:42:34Z
2026-07-20,highest-temperature-in-manila-on-july-20-2026,manila,C,whole,metar,RPLL,33°C,33.0,33.0,iem_metar,2026-07-21T09:42:34Z
2026-07-20,highest-temperature-in-mexico-city-on-july-20-2026,mexico-city,C,whole,metar,MMMX,27°C,27.0,27.0,iem_metar,2026-07-21T09:42:34Z
2026-07-20,highest-temperature-in-miami-on-july-20-2026,miami,F,whole,metar,KMIA,92-93°F,32.9,91.2,openmeteo_grid,2026-07-21T09:42:34Z
2026-07-20,highest-temperature-in-milan-on-july-20-2026,milan,C,whole,metar,LIMC,31°C,31.0,31.0,iem_metar,2026-07-21T09:42:34Z
2026-07-20,highest-temperature-in-moscow-on-july-20-2026,moscow,C,whole,geocode,moscow,26°C,27.5,27.5,openmeteo_grid,2026-07-21T09:42:34Z
2026-07-20,highest-temperature-in-munich-on-july-20-2026,munich,C,whole,metar,EDDM,23°C,23.0,23.0,iem_metar,2026-07-21T09:42:34Z
2026-07-20,highest-temperature-in-nyc-on-july-20-2026,nyc,F,whole,metar,KLGA,82-83°F,28.3,83.0,iem_metar,2026-07-21T09:42:34Z
2026-07-20,highest-temperature-in-panama-city-on-july-20-2026,panama-city,C,whole,metar,MPMG,29°C,29.0,29.0,iem_metar,2026-07-21T09:42:34Z
2026-07-20,highest-temperature-in-paris-on-july-20-2026,paris,C,whole,metar,LFPB,24°C,24.0,24.0,iem_metar,2026-07-21T09:42:34Z
2026-07-20,highest-temperature-in-qingdao-on-july-20-2026,qingdao,C,whole,metar,ZSQD,29°C,29.0,29.0,iem_metar,2026-07-21T09:42:34Z
2026-07-20,highest-temperature-in-sao-paulo-on-july-20-2026,sao-paulo,C,whole,metar,SBGR,27°C,27.0,27.0,iem_metar,2026-07-21T09:42:34Z
2026-07-20,highest-temperature-in-seattle-on-july-20-2026,seattle,F,whole,metar,KSEA,82-83°F,27.8,82.0,iem_metar,2026-07-21T09:42:34Z
2026-07-20,highest-temperature-in-seoul-on-july-20-2026,seoul,C,whole,metar,RKSI,27°C,27.0,27.0,iem_metar,2026-07-21T09:42:34Z
2026-07-20,highest-temperature-in-shanghai-on-july-20-2026,shanghai,C,whole,metar,ZSPD,35°C,35.0,35.0,iem_metar,2026-07-21T09:42:34Z
2026-07-20,highest-temperature-in-shenzhen-on-july-20-2026,shenzhen,C,whole,metar,ZGSZ,29°C,30.0,30.0,iem_metar,2026-07-21T09:42:34Z
2026-07-20,highest-temperature-in-singapore-on-july-20-2026,singapore,C,whole,metar,WSSS,32°C,32.0,32.0,iem_metar,2026-07-21T09:42:34Z
2026-07-20,highest-temperature-in-taipei-on-july-20-2026,taipei,C,whole,metar,RCSS,35°C,35.0,35.0,iem_metar,2026-07-21T09:42:34Z
2026-07-20,highest-temperature-in-tel-aviv-on-july-20-2026,tel-aviv,C,whole,geocode,tel-aviv,33°C,31.8,31.8,openmeteo_grid,2026-07-21T09:42:34Z
2026-07-20,highest-temperature-in-tokyo-on-july-20-2026,tokyo,C,whole,metar,RJTT,35°C,35.0,35.0,iem_metar,2026-07-21T09:42:34Z
2026-07-20,highest-temperature-in-toronto-on-july-20-2026,toronto,C,whole,metar,CYYZ,27°C,27.0,27.0,iem_metar,2026-07-21T09:42:34Z
2026-07-20,highest-temperature-in-warsaw-on-july-20-2026,warsaw,C,whole,metar,EPWA,20°C,20.0,20.0,iem_metar,2026-07-21T09:42:34Z
2026-07-20,highest-temperature-in-wellington-on-july-20-2026,wellington,C,whole,metar,NZWN,12°C,12.0,12.0,iem_metar,2026-07-21T09:42:34Z
2026-07-20,highest-temperature-in-wuhan-on-july-20-2026,wuhan,C,whole,metar,ZHHH,33°C,33.0,33.0,iem_metar,2026-07-21T09:42:34Z
2026-07-20,highest-temperature-in-san-francisco-on-july-20-2026,san-francisco,F,whole,metar,KSFO,70-71°F,22.2,72.0,iem_metar,2026-07-21T17:01:01Z
2026-07-21,highest-temperature-in-amsterdam-on-july-21-2026,amsterdam,C,whole,metar,EHAM,22°C,22.0,22.0,iem_metar,2026-07-22T09:44:37Z
2026-07-21,highest-temperature-in-ankara-on-july-21-2026,ankara,C,whole,metar,LTAC,33°C,33.0,33.0,iem_metar,2026-07-22T09:44:37Z
2026-07-21,highest-temperature-in-atlanta-on-july-21-2026,atlanta,F,whole,metar,KATL,90-91°F,32.4,90.3,openmeteo_grid,2026-07-22T09:44:37Z
2026-07-21,highest-temperature-in-austin-on-july-21-2026,austin,F,whole,metar,KAUS,100-101°F,38.3,101.0,iem_metar,2026-07-22T09:44:37Z
2026-07-21,highest-temperature-in-beijing-on-july-21-2026,beijing,C,whole,metar,ZBAA,32°C,32.0,32.0,iem_metar,2026-07-22T09:44:37Z
2026-07-21,highest-temperature-in-buenos-aires-on-july-21-2026,buenos-aires,C,whole,metar,SAEZ,13°C,13.0,13.0,iem_metar,2026-07-22T09:44:37Z
2026-07-21,highest-temperature-in-busan-on-july-21-2026,busan,C,whole,metar,RKPK,32°C,32.0,32.0,iem_metar,2026-07-22T09:44:37Z
2026-07-21,highest-temperature-in-cape-town-on-july-21-2026,cape-town,C,whole,metar,FACT,18°C,18.0,18.0,iem_metar,2026-07-22T09:44:37Z
2026-07-21,highest-temperature-in-chengdu-on-july-21-2026,chengdu,C,whole,metar,ZUUU,38°C,38.0,38.0,iem_metar,2026-07-22T09:44:37Z
2026-07-21,highest-temperature-in-chicago-on-july-21-2026,chicago,F,whole,metar,KORD,86-87°F,29.6,85.3,openmeteo_grid,2026-07-22T09:44:37Z
2026-07-21,highest-temperature-in-chongqing-on-july-21-2026,chongqing,C,whole,metar,ZUCK,39°C,39.0,39.0,iem_metar,2026-07-22T09:44:37Z
2026-07-21,highest-temperature-in-dallas-on-july-21-2026,dallas,F,whole,geocode,dallas,106-107°F,41.5,106.7,openmeteo_grid,2026-07-22T09:44:37Z
2026-07-21,highest-temperature-in-denver-on-july-21-2026,denver,F,whole,geocode,denver,96-97°F,36.0,96.8,openmeteo_grid,2026-07-22T09:44:37Z
2026-07-21,highest-temperature-in-guangzhou-on-july-21-2026,guangzhou,C,whole,metar,ZGGG,31°C,31.0,31.0,iem_metar,2026-07-22T09:44:37Z
2026-07-21,highest-temperature-in-helsinki-on-july-21-2026,helsinki,C,whole,metar,EFHK,14°C,14.0,14.0,iem_metar,2026-07-22T09:44:37Z
2026-07-21,highest-temperature-in-hong-kong-on-july-21-2026,hong-kong,C,decimal,hko,HKO,30°C,31.0,31.0,iem_vhhh_proxy,2026-07-22T09:44:37Z
2026-07-21,highest-temperature-in-houston-on-july-21-2026,houston,F,whole,metar,KHOU,96-97°F,37.1,98.8,openmeteo_grid,2026-07-22T09:44:37Z
2026-07-21,highest-temperature-in-istanbul-on-july-21-2026,istanbul,C,whole,geocode,istanbul,28°C,29.9,29.9,openmeteo_grid,2026-07-22T09:44:37Z
2026-07-21,highest-temperature-in-jeddah-on-july-21-2026,jeddah,C,whole,metar,OEJN,>=44°C,44.0,44.0,iem_metar,2026-07-22T09:44:37Z
2026-07-21,highest-temperature-in-karachi-on-july-21-2026,karachi,C,whole,metar,OPKC,33°C,33.0,33.0,iem_metar,2026-07-22T09:44:37Z
2026-07-21,highest-temperature-in-kuala-lumpur-on-july-21-2026,kuala-lumpur,C,whole,metar,WMKK,34°C,34.0,34.0,iem_metar,2026-07-22T09:44:37Z
2026-07-21,highest-temperature-in-london-on-july-21-2026,london,C,whole,metar,EGLC,22°C,22.0,22.0,iem_metar,2026-07-22T09:44:37Z
2026-07-21,highest-temperature-in-los-angeles-on-july-21-2026,los-angeles,F,whole,metar,KLAX,80-81°F,27.2,81.0,iem_metar,2026-07-22T09:44:37Z
2026-07-21,highest-temperature-in-lucknow-on-july-21-2026,lucknow,C,whole,metar,VILK,31°C,31.0,31.0,iem_metar,2026-07-22T09:44:37Z
2026-07-21,highest-temperature-in-madrid-on-july-21-2026,madrid,C,whole,metar,LEMD,37°C,37.0,37.0,iem_metar,2026-07-22T09:44:37Z
2026-07-21,highest-temperature-in-manila-on-july-21-2026,manila,C,whole,metar,RPLL,33°C,33.0,33.0,iem_metar,2026-07-22T09:44:37Z
2026-07-21,highest-temperature-in-mexico-city-on-july-21-2026,mexico-city,C,whole,metar,MMMX,27°C,27.0,27.0,iem_metar,2026-07-22T09:44:37Z
2026-07-21,highest-temperature-in-miami-on-july-21-2026,miami,F,whole,metar,KMIA,90-91°F,32.5,90.5,openmeteo_grid,2026-07-22T09:44:37Z
2026-07-21,highest-temperature-in-milan-on-july-21-2026,milan,C,whole,metar,LIMC,30°C,30.0,30.0,iem_metar,2026-07-22T09:44:37Z
2026-07-21,highest-temperature-in-moscow-on-july-21-2026,moscow,C,whole,geocode,moscow,24°C,24.2,24.2,openmeteo_grid,2026-07-22T09:44:37Z
2026-07-21,highest-temperature-in-munich-on-july-21-2026,munich,C,whole,metar,EDDM,23°C,23.0,23.0,iem_metar,2026-07-22T09:44:37Z
2026-07-21,highest-temperature-in-nyc-on-july-21-2026,nyc,F,whole,metar,KLGA,82-83°F,28.3,83.0,iem_metar,2026-07-22T09:44:37Z
2026-07-21,highest-temperature-in-panama-city-on-july-21-2026,panama-city,C,whole,metar,MPMG,32°C,32.0,32.0,iem_metar,2026-07-22T09:44:37Z
2026-07-21,highest-temperature-in-paris-on-july-21-2026,paris,C,whole,metar,LFPB,26°C,26.0,26.0,iem_metar,2026-07-22T09:44:37Z
2026-07-21,highest-temperature-in-qingdao-on-july-21-2026,qingdao,C,whole,metar,ZSQD,32°C,32.0,32.0,iem_metar,2026-07-22T09:44:37Z
2026-07-21,highest-temperature-in-san-francisco-on-july-21-2026,san-francisco,F,whole,metar,KSFO,90-91°F,33.3,92.0,iem_metar,2026-07-22T09:44:37Z
2026-07-21,highest-temperature-in-sao-paulo-on-july-21-2026,sao-paulo,C,whole,metar,SBGR,28°C,28.0,28.0,iem_metar,2026-07-22T09:44:37Z
2026-07-21,highest-temperature-in-seattle-on-july-21-2026,seattle,F,whole,metar,KSEA,92-93°F,33.9,93.0,iem_metar,2026-07-22T09:44:37Z
2026-07-21,highest-temperature-in-seoul-on-july-21-2026,seoul,C,whole,metar,RKSI,27°C,27.0,27.0,iem_metar,2026-07-22T09:44:37Z
2026-07-21,highest-temperature-in-shanghai-on-july-21-2026,shanghai,C,whole,metar,ZSPD,33°C,33.0,33.0,iem_metar,2026-07-22T09:44:37Z
2026-07-21,highest-temperature-in-shenzhen-on-july-21-2026,shenzhen,C,whole,metar,ZGSZ,31°C,31.0,31.0,iem_metar,2026-07-22T09:44:37Z
2026-07-21,highest-temperature-in-singapore-on-july-21-2026,singapore,C,whole,metar,WSSS,31°C,31.0,31.0,iem_metar,2026-07-22T09:44:37Z
2026-07-21,highest-temperature-in-taipei-on-july-21-2026,taipei,C,whole,metar,RCSS,34°C,34.0,34.0,iem_metar,2026-07-22T09:44:37Z
2026-07-21,highest-temperature-in-tel-aviv-on-july-21-2026,tel-aviv,C,whole,geocode,tel-aviv,33°C,31.5,31.5,openmeteo_grid,2026-07-22T09:44:37Z
2026-07-21,highest-temperature-in-tokyo-on-july-21-2026,tokyo,C,whole,metar,RJTT,34°C,34.0,34.0,iem_metar,2026-07-22T09:44:37Z
2026-07-21,highest-temperature-in-toronto-on-july-21-2026,toronto,C,whole,metar,CYYZ,24°C,24.0,24.0,iem_metar,2026-07-22T09:44:37Z
2026-07-21,highest-temperature-in-warsaw-on-july-21-2026,warsaw,C,whole,metar,EPWA,17°C,17.0,17.0,iem_metar,2026-07-22T09:44:37Z
2026-07-21,highest-temperature-in-wellington-on-july-21-2026,wellington,C,whole,metar,NZWN,12°C,12.0,12.0,iem_metar,2026-07-22T09:44:37Z
2026-07-21,highest-temperature-in-wuhan-on-july-21-2026,wuhan,C,whole,metar,ZHHH,35°C,35.0,35.0,iem_metar,2026-07-22T09:44:37Z
2026-07-22,highest-temperature-in-amsterdam-on-july-22-2026,amsterdam,C,whole,metar,EHAM,20°C,20.0,20.0,iem_metar,2026-07-23T09:23:22Z
2026-07-22,highest-temperature-in-ankara-on-july-22-2026,ankara,C,whole,metar,LTAC,31°C,31.0,31.0,iem_metar,2026-07-23T09:23:22Z
2026-07-22,highest-temperature-in-atlanta-on-july-22-2026,atlanta,F,whole,metar,KATL,88-89°F,31.0,87.8,openmeteo_grid,2026-07-23T09:23:22Z
2026-07-22,highest-temperature-in-austin-on-july-22-2026,austin,F,whole,metar,KAUS,102-103°F,40.0,104.0,iem_metar,2026-07-23T09:23:22Z
2026-07-22,highest-temperature-in-beijing-on-july-22-2026,beijing,C,whole,metar,ZBAA,28°C,28.0,28.0,iem_metar,2026-07-23T09:23:22Z
2026-07-22,highest-temperature-in-buenos-aires-on-july-22-2026,buenos-aires,C,whole,metar,SAEZ,15°C,15.0,15.0,iem_metar,2026-07-23T09:23:22Z
2026-07-22,highest-temperature-in-busan-on-july-22-2026,busan,C,whole,metar,RKPK,34°C,34.0,34.0,iem_metar,2026-07-23T09:23:22Z
2026-07-22,highest-temperature-in-cape-town-on-july-22-2026,cape-town,C,whole,metar,FACT,16°C,16.0,16.0,iem_metar,2026-07-23T09:23:22Z
2026-07-22,highest-temperature-in-chengdu-on-july-22-2026,chengdu,C,whole,metar,ZUUU,39°C,39.0,39.0,iem_metar,2026-07-23T09:23:22Z
2026-07-22,highest-temperature-in-chicago-on-july-22-2026,chicago,F,whole,metar,KORD,74-75°F,23.0,73.4,openmeteo_grid,2026-07-23T09:23:22Z
2026-07-22,highest-temperature-in-chongqing-on-july-22-2026,chongqing,C,whole,metar,ZUCK,40°C,40.0,40.0,iem_metar,2026-07-23T09:23:22Z
2026-07-22,highest-temperature-in-dallas-on-july-22-2026,dallas,F,whole,geocode,dallas,108-109°F,41.3,106.3,openmeteo_grid,2026-07-23T09:23:22Z
2026-07-22,highest-temperature-in-guangzhou-on-july-22-2026,guangzhou,C,whole,metar,ZGGG,34°C,34.0,34.0,iem_metar,2026-07-23T09:23:22Z
2026-07-22,highest-temperature-in-helsinki-on-july-22-2026,helsinki,C,whole,metar,EFHK,19°C,19.0,19.0,iem_metar,2026-07-23T09:23:22Z
2026-07-22,highest-temperature-in-hong-kong-on-july-22-2026,hong-kong,C,decimal,hko,HKO,33°C,32.0,32.0,iem_vhhh_proxy,2026-07-23T09:23:22Z
2026-07-22,highest-temperature-in-houston-on-july-22-2026,houston,F,whole,metar,KHOU,102-103°F,39.2,102.6,openmeteo_grid,2026-07-23T09:23:22Z
2026-07-22,highest-temperature-in-istanbul-on-july-22-2026,istanbul,C,whole,geocode,istanbul,>=34°C,31.7,31.7,openmeteo_grid,2026-07-23T09:23:22Z
2026-07-22,highest-temperature-in-jeddah-on-july-22-2026,jeddah,C,whole,metar,OEJN,38°C,38.0,38.0,iem_metar,2026-07-23T09:23:22Z
2026-07-22,highest-temperature-in-karachi-on-july-22-2026,karachi,C,whole,metar,OPKC,34°C,34.0,34.0,iem_metar,2026-07-23T09:23:22Z
2026-07-22,highest-temperature-in-kuala-lumpur-on-july-22-2026,kuala-lumpur,C,whole,metar,WMKK,31°C,31.0,31.0,iem_metar,2026-07-23T09:23:22Z
2026-07-22,highest-temperature-in-london-on-july-22-2026,london,C,whole,metar,EGLC,25°C,25.0,25.0,iem_metar,2026-07-23T09:23:22Z
2026-07-22,highest-temperature-in-los-angeles-on-july-22-2026,los-angeles,F,whole,metar,KLAX,76-77°F,25.0,77.0,iem_metar,2026-07-23T09:23:22Z
2026-07-22,highest-temperature-in-lucknow-on-july-22-2026,lucknow,C,whole,metar,VILK,33°C,33.0,33.0,iem_metar,2026-07-23T09:23:22Z
2026-07-22,highest-temperature-in-madrid-on-july-22-2026,madrid,C,whole,metar,LEMD,39°C,39.0,39.0,iem_metar,2026-07-23T09:23:22Z
2026-07-22,highest-temperature-in-manila-on-july-22-2026,manila,C,whole,metar,RPLL,33°C,33.0,33.0,iem_metar,2026-07-23T09:23:22Z
2026-07-22,highest-temperature-in-mexico-city-on-july-22-2026,mexico-city,C,whole,metar,MMMX,27°C,27.0,27.0,iem_metar,2026-07-23T09:23:22Z
2026-07-22,highest-temperature-in-miami-on-july-22-2026,miami,F,whole,metar,KMIA,92-93°F,31.8,89.2,openmeteo_grid,2026-07-23T09:23:22Z
2026-07-22,highest-temperature-in-milan-on-july-22-2026,milan,C,whole,metar,LIMC,29°C,29.0,29.0,iem_metar,2026-07-23T09:23:22Z
2026-07-22,highest-temperature-in-moscow-on-july-22-2026,moscow,C,whole,geocode,moscow,24°C,23.8,23.8,openmeteo_grid,2026-07-23T09:23:22Z
2026-07-22,highest-temperature-in-munich-on-july-22-2026,munich,C,whole,metar,EDDM,25°C,25.0,25.0,iem_metar,2026-07-23T09:23:22Z
2026-07-22,highest-temperature-in-nyc-on-july-22-2026,nyc,F,whole,metar,KLGA,88-89°F,31.7,89.0,iem_metar,2026-07-23T09:23:22Z
2026-07-22,highest-temperature-in-panama-city-on-july-22-2026,panama-city,C,whole,metar,MPMG,30°C,30.0,30.0,iem_metar,2026-07-23T09:23:22Z
2026-07-22,highest-temperature-in-paris-on-july-22-2026,paris,C,whole,metar,LFPB,26°C,26.0,26.0,iem_metar,2026-07-23T09:23:22Z
2026-07-22,highest-temperature-in-qingdao-on-july-22-2026,qingdao,C,whole,metar,ZSQD,29°C,29.0,29.0,iem_metar,2026-07-23T09:23:22Z
2026-07-22,highest-temperature-in-san-francisco-on-july-22-2026,san-francisco,F,whole,metar,KSFO,72-73°F,23.3,74.0,iem_metar,2026-07-23T09:23:22Z
2026-07-22,highest-temperature-in-sao-paulo-on-july-22-2026,sao-paulo,C,whole,metar,SBGR,23°C,23.0,23.0,iem_metar,2026-07-23T09:23:22Z
2026-07-22,highest-temperature-in-seattle-on-july-22-2026,seattle,F,whole,metar,KSEA,94-95°F,35.0,95.0,iem_metar,2026-07-23T09:23:22Z
2026-07-22,highest-temperature-in-seoul-on-july-22-2026,seoul,C,whole,metar,RKSI,27°C,27.0,27.0,iem_metar,2026-07-23T09:23:22Z
2026-07-22,highest-temperature-in-shanghai-on-july-22-2026,shanghai,C,whole,metar,ZSPD,35°C,35.0,35.0,iem_metar,2026-07-23T09:23:22Z
2026-07-22,highest-temperature-in-shenzhen-on-july-22-2026,shenzhen,C,whole,metar,ZGSZ,33°C,32.0,32.0,iem_metar,2026-07-23T09:23:22Z
2026-07-22,highest-temperature-in-singapore-on-july-22-2026,singapore,C,whole,metar,WSSS,30°C,30.0,30.0,iem_metar,2026-07-23T09:23:22Z
2026-07-22,highest-temperature-in-taipei-on-july-22-2026,taipei,C,whole,metar,RCSS,36°C,36.0,36.0,iem_metar,2026-07-23T09:23:22Z
2026-07-22,highest-temperature-in-tel-aviv-on-july-22-2026,tel-aviv,C,whole,geocode,tel-aviv,33°C,32.0,32.0,openmeteo_grid,2026-07-23T09:23:22Z
2026-07-22,highest-temperature-in-tokyo-on-july-22-2026,tokyo,C,whole,metar,RJTT,34°C,34.0,34.0,iem_metar,2026-07-23T09:23:22Z
2026-07-22,highest-temperature-in-toronto-on-july-22-2026,toronto,C,whole,metar,CYYZ,22°C,22.0,22.0,iem_metar,2026-07-23T09:23:22Z
2026-07-22,highest-temperature-in-warsaw-on-july-22-2026,warsaw,C,whole,metar,EPWA,22°C,22.0,22.0,iem_metar,2026-07-23T09:23:22Z
2026-07-22,highest-temperature-in-wellington-on-july-22-2026,wellington,C,whole,metar,NZWN,14°C,14.0,14.0,iem_metar,2026-07-23T09:23:22Z
2026-07-22,highest-temperature-in-wuhan-on-july-22-2026,wuhan,C,whole,metar,ZHHH,29°C,29.0,29.0,iem_metar,2026-07-23T09:23:22Z
