entry_utc,event_slug,market_slug,city,target_date,side,bucket,tier,price,shares,stake,fee,trigger_ask,peak_ask,potential_profit,status,payout,pnl,settle_utc
2026-07-19T10:26:09Z,highest-temperature-in-tel-aviv-on-july-19-2026,highest-temperature-in-tel-aviv-on-july-19-2026-34c,tel-aviv,2026-07-19,NO,34°C,10-19c,0.953,10.49,10.0,0.0235,0.164,0.508,0.47,lost,0.0,-10.02,2026-07-20T06:38:01Z
2026-07-19T10:31:05Z,highest-temperature-in-tel-aviv-on-july-19-2026,highest-temperature-in-tel-aviv-on-july-19-2026-34c,tel-aviv,2026-07-19,YES,34°C,dao-chieu,0.496,60.48,30.0,0.756,0.496,0.164,29.72,won,60.48,29.72,2026-07-20T06:38:01Z
2026-07-19T11:12:16Z,highest-temperature-in-munich-on-july-19-2026,highest-temperature-in-munich-on-july-19-2026-21c,munich,2026-07-19,NO,21°C,20-29c,0.8,12.5,10.0,0.1,0.27,0.49,2.4,won,12.5,2.4,2026-07-20T06:38:01Z
2026-07-19T12:44:08Z,highest-temperature-in-munich-on-july-19-2026,highest-temperature-in-munich-on-july-19-2026-21c,munich,2026-07-19,NO,21°C,10-19c,0.84,11.9,10.0,0.08,0.19,0.49,1.82,won,11.9,1.82,2026-07-20T06:38:01Z
2026-07-19T12:54:40Z,highest-temperature-in-warsaw-on-july-19-2026,highest-temperature-in-warsaw-on-july-19-2026-26c,warsaw,2026-07-19,NO,26°C,20-29c,0.9,11.11,10.0,0.05,0.24,0.46,1.06,won,11.11,1.06,2026-07-20T06:38:01Z
2026-07-19T13:04:42Z,highest-temperature-in-warsaw-on-july-19-2026,highest-temperature-in-warsaw-on-july-19-2026-26c,warsaw,2026-07-19,YES,26°C,dao-chieu,0.71,42.25,30.0,0.435,0.71,0.24,11.81,lost,0.0,-30.43,2026-07-20T06:38:01Z
2026-07-19T13:04:42Z,highest-temperature-in-london-on-july-19-2026,highest-temperature-in-london-on-july-19-2026-21c,london,2026-07-19,NO,21°C,20-29c,0.835,11.98,10.0,0.0825,0.205,0.559,1.9,lost,0.0,-10.08,2026-07-20T06:38:01Z
2026-07-19T13:04:42Z,highest-temperature-in-cape-town-on-july-19-2026,highest-temperature-in-cape-town-on-july-19-2026-15c,cape-town,2026-07-19,NO,15°C,20-29c,0.83,12.05,10.0,0.085,0.24,0.46,1.97,won,12.05,1.97,2026-07-20T06:38:01Z
2026-07-19T13:10:00Z,highest-temperature-in-london-on-july-19-2026,highest-temperature-in-london-on-july-19-2026-21c,london,2026-07-19,NO,21°C,10-19c,0.82,12.2,10.0,0.09,0.192,0.559,2.11,lost,0.0,-10.09,2026-07-20T06:38:01Z
2026-07-19T13:10:00Z,highest-temperature-in-cape-town-on-july-19-2026,highest-temperature-in-cape-town-on-july-19-2026-15c,cape-town,2026-07-19,NO,15°C,10-19c,0.96,10.42,10.0,0.02,0.12,0.46,0.4,won,10.42,0.4,2026-07-20T06:38:01Z
2026-07-19T13:15:15Z,highest-temperature-in-ankara-on-july-19-2026,highest-temperature-in-ankara-on-july-19-2026-31c,ankara,2026-07-19,NO,31°C,20-29c,0.848,11.79,10.0,0.076,0.298,0.408,1.71,won,11.79,1.71,2026-07-20T06:38:01Z
2026-07-19T13:35:50Z,highest-temperature-in-warsaw-on-july-19-2026,highest-temperature-in-warsaw-on-july-19-2026-27c,warsaw,2026-07-19,NO,27°C,20-29c,0.91,10.99,10.0,0.045,0.2,0.69,0.95,lost,0.0,-10.04,2026-07-20T06:38:01Z
2026-07-19T13:40:42Z,highest-temperature-in-warsaw-on-july-19-2026,highest-temperature-in-warsaw-on-july-19-2026-27c,warsaw,2026-07-19,NO,27°C,10-19c,0.89,11.24,10.0,0.055,0.19,0.69,1.19,lost,0.0,-10.05,2026-07-20T06:38:01Z
2026-07-19T13:45:43Z,highest-temperature-in-munich-on-july-19-2026,highest-temperature-in-munich-on-july-19-2026-21c,munich,2026-07-19,YES,21°C,dao-chieu,0.45,66.67,30.0,0.825,0.45,0.27,35.84,lost,0.0,-30.82,2026-07-20T06:38:01Z
2026-07-19T13:55:59Z,highest-temperature-in-london-on-july-19-2026,highest-temperature-in-london-on-july-19-2026-21c,london,2026-07-19,YES,21°C,dao-chieu,0.397,75.57,30.0,0.9045,0.397,0.205,44.67,won,75.57,44.67,2026-07-20T06:38:01Z
2026-07-19T14:06:26Z,highest-temperature-in-miami-on-july-19-2026,highest-temperature-in-miami-on-july-19-2026-90-91f,miami,2026-07-19,NO,90-91°F,20-29c,0.75,13.33,10.0,0.125,0.26,0.4,3.21,lost,0.0,-10.12,2026-07-20T06:38:01Z
2026-07-19T14:36:56Z,highest-temperature-in-warsaw-on-july-19-2026,highest-temperature-in-warsaw-on-july-19-2026-27c,warsaw,2026-07-19,YES,27°C,dao-chieu,0.96,31.25,30.0,0.06,0.96,0.2,1.19,won,31.25,1.19,2026-07-20T06:38:01Z
2026-07-19T14:36:56Z,highest-temperature-in-milan-on-july-19-2026,highest-temperature-in-milan-on-july-19-2026-33c,milan,2026-07-19,NO,33°C,10-19c,0.85,11.76,10.0,0.075,0.18,0.49,1.68,won,11.76,1.68,2026-07-20T06:38:01Z
2026-07-19T14:57:23Z,highest-temperature-in-milan-on-july-19-2026,highest-temperature-in-milan-on-july-19-2026-33c,milan,2026-07-19,NO,33°C,20-29c,0.93,10.75,10.0,0.035,0.2,0.49,0.71,won,10.75,0.71,2026-07-20T06:38:01Z
2026-07-19T15:12:45Z,highest-temperature-in-miami-on-july-19-2026,highest-temperature-in-miami-on-july-19-2026-90-91f,miami,2026-07-19,NO,90-91°F,10-19c,0.9,11.11,10.0,0.05,0.19,0.4,1.06,lost,0.0,-10.05,2026-07-20T06:38:01Z
2026-07-19T15:17:37Z,highest-temperature-in-sao-paulo-on-july-19-2026,highest-temperature-in-sao-paulo-on-july-19-2026-27c,sao-paulo,2026-07-19,NO,27°C,20-29c,0.88,11.36,10.0,0.06,0.28,0.4,1.3,won,11.36,1.3,2026-07-20T06:38:01Z
2026-07-19T15:22:54Z,highest-temperature-in-milan-on-july-19-2026,highest-temperature-in-milan-on-july-19-2026-33c,milan,2026-07-19,YES,33°C,dao-chieu,0.44,68.18,30.0,0.84,0.44,0.18,37.34,lost,0.0,-30.84,2026-07-20T06:38:01Z
2026-07-19T15:22:54Z,highest-temperature-in-buenos-aires-on-july-19-2026,highest-temperature-in-buenos-aires-on-july-19-2026-13c,buenos-aires,2026-07-19,NO,13°C,20-29c,0.84,11.9,10.0,0.08,0.26,0.62,1.82,lost,0.0,-10.08,2026-07-20T06:38:01Z
2026-07-19T15:43:27Z,highest-temperature-in-nyc-on-july-19-2026,highest-temperature-in-nyc-on-july-19-2026-82-83f,nyc,2026-07-19,NO,82-83°F,20-29c,0.79,12.66,10.0,0.105,0.28,0.55,2.56,won,12.66,2.56,2026-07-20T06:38:01Z
2026-07-19T16:03:37Z,highest-temperature-in-nyc-on-july-19-2026,highest-temperature-in-nyc-on-july-19-2026-82-83f,nyc,2026-07-19,NO,82-83°F,10-19c,0.88,11.36,10.0,0.06,0.17,0.55,1.3,won,11.36,1.3,2026-07-20T06:38:01Z
2026-07-19T16:49:48Z,highest-temperature-in-sao-paulo-on-july-19-2026,highest-temperature-in-sao-paulo-on-july-19-2026-27c,sao-paulo,2026-07-19,YES,27°C,dao-chieu,0.62,48.39,30.0,0.57,0.62,0.28,17.82,lost,0.0,-30.57,2026-07-20T06:38:01Z
2026-07-19T16:49:48Z,highest-temperature-in-miami-on-july-19-2026,highest-temperature-in-miami-on-july-19-2026-90-91f,miami,2026-07-19,YES,90-91°F,dao-chieu,0.57,52.63,30.0,0.645,0.57,0.26,21.99,won,52.63,21.99,2026-07-20T06:38:01Z
2026-07-19T16:55:02Z,highest-temperature-in-nyc-on-july-19-2026,highest-temperature-in-nyc-on-july-19-2026-78-79f,nyc,2026-07-19,NO,78-79°F,20-29c,0.74,13.51,10.0,0.13,0.29,0.4,3.38,won,13.51,3.38,2026-07-20T06:38:01Z
2026-07-19T17:05:06Z,highest-temperature-in-nyc-on-july-19-2026,highest-temperature-in-nyc-on-july-19-2026-78-79f,nyc,2026-07-19,NO,78-79°F,10-19c,0.84,11.9,10.0,0.08,0.19,0.4,1.82,won,11.9,1.82,2026-07-20T06:38:01Z
2026-07-19T17:55:55Z,highest-temperature-in-atlanta-on-july-19-2026,highest-temperature-in-atlanta-on-july-19-2026-92-93f,atlanta,2026-07-19,NO,92-93°F,10-19c,0.83,12.05,10.0,0.085,0.18,0.53,1.97,won,12.05,1.97,2026-07-20T06:38:01Z
2026-07-19T18:05:52Z,highest-temperature-in-buenos-aires-on-july-19-2026,highest-temperature-in-buenos-aires-on-july-19-2026-13c,buenos-aires,2026-07-19,YES,13°C,dao-chieu,0.86,34.88,30.0,0.21,0.86,0.26,4.67,won,34.88,4.67,2026-07-20T06:38:01Z
2026-07-19T18:41:48Z,highest-temperature-in-toronto-on-july-19-2026,highest-temperature-in-toronto-on-july-19-2026-23c,toronto,2026-07-19,NO,23°C,20-29c,0.79,12.66,10.0,0.105,0.297,0.553,2.56,won,12.66,2.56,2026-07-20T06:38:01Z
2026-07-19T19:02:10Z,highest-temperature-in-chicago-on-july-19-2026,highest-temperature-in-chicago-on-july-19-2026-80-81f,chicago,2026-07-19,NO,80-81°F,20-29c,0.73,13.7,10.0,0.135,0.28,0.52,3.56,won,13.7,3.56,2026-07-20T06:38:01Z
2026-07-19T19:07:34Z,highest-temperature-in-chicago-on-july-19-2026,highest-temperature-in-chicago-on-july-19-2026-80-81f,chicago,2026-07-19,NO,80-81°F,10-19c,0.87,11.49,10.0,0.065,0.15,0.52,1.43,won,11.49,1.43,2026-07-20T06:38:01Z
2026-07-19T19:32:54Z,highest-temperature-in-seattle-on-july-19-2026,highest-temperature-in-seattle-on-july-19-2026-78-79f,seattle,2026-07-19,NO,78-79°F,20-29c,0.76,13.16,10.0,0.12,0.29,0.48,3.04,lost,0.0,-10.12,2026-07-20T10:37:07Z
2026-07-19T19:47:51Z,highest-temperature-in-dallas-on-july-19-2026,highest-temperature-in-dallas-on-july-19-2026-100-101f,dallas,2026-07-19,NO,100-101°F,20-29c,0.77,12.99,10.0,0.115,0.25,0.54,2.88,won,12.99,2.88,2026-07-20T06:38:01Z
2026-07-19T19:57:57Z,highest-temperature-in-toronto-on-july-19-2026,highest-temperature-in-toronto-on-july-19-2026-23c,toronto,2026-07-19,NO,23°C,10-19c,0.854,11.71,10.0,0.073,0.15,0.553,1.64,won,11.71,1.64,2026-07-20T06:38:01Z
2026-07-19T20:23:32Z,highest-temperature-in-chicago-on-july-19-2026,highest-temperature-in-chicago-on-july-19-2026-80-81f,chicago,2026-07-19,YES,80-81°F,dao-chieu,0.66,45.45,30.0,0.5099,0.66,0.28,14.94,lost,0.0,-30.51,2026-07-20T06:38:01Z
2026-07-19T20:43:54Z,highest-temperature-in-dallas-on-july-19-2026,highest-temperature-in-dallas-on-july-19-2026-100-101f,dallas,2026-07-19,YES,100-101°F,dao-chieu,0.5,60.0,30.0,0.75,0.5,0.25,29.25,lost,0.0,-30.75,2026-07-20T06:38:01Z
2026-07-19T20:54:17Z,highest-temperature-in-san-francisco-on-july-19-2026,highest-temperature-in-san-francisco-on-july-19-2026-68-69f,san-francisco,2026-07-19,NO,68-69°F,20-29c,0.91,10.99,10.0,0.045,0.26,0.6,0.95,won,10.99,0.95,2026-07-20T10:37:07Z
2026-07-19T21:04:45Z,highest-temperature-in-seattle-on-july-19-2026,highest-temperature-in-seattle-on-july-19-2026-78-79f,seattle,2026-07-19,YES,78-79°F,dao-chieu,0.54,55.56,30.0,0.6901,0.54,0.29,24.87,won,55.56,24.87,2026-07-20T10:37:07Z
2026-07-19T21:20:02Z,highest-temperature-in-mexico-city-on-july-19-2026,highest-temperature-in-mexico-city-on-july-19-2026-25c,mexico-city,2026-07-19,NO,25°C,10-19c,0.93,10.75,10.0,0.035,0.18,0.45,0.71,lost,0.0,-10.04,2026-07-20T10:37:07Z
2026-07-19T21:30:25Z,highest-temperature-in-mexico-city-on-july-19-2026,highest-temperature-in-mexico-city-on-july-19-2026-25c,mexico-city,2026-07-19,NO,25°C,20-29c,0.77,12.99,10.0,0.115,0.24,0.45,2.88,lost,0.0,-10.12,2026-07-20T10:37:07Z
2026-07-19T21:35:37Z,highest-temperature-in-san-francisco-on-july-19-2026,highest-temperature-in-san-francisco-on-july-19-2026-68-69f,san-francisco,2026-07-19,NO,68-69°F,10-19c,0.96,10.42,10.0,0.02,0.14,0.6,0.4,won,10.42,0.4,2026-07-20T10:37:07Z
2026-07-19T21:40:52Z,highest-temperature-in-houston-on-july-19-2026,highest-temperature-in-houston-on-july-19-2026-96-97f,houston,2026-07-19,NO,96-97°F,10-19c,0.94,10.64,10.0,0.03,0.19,0.63,0.61,won,10.64,0.61,2026-07-20T10:37:07Z
2026-07-19T21:46:02Z,highest-temperature-in-mexico-city-on-july-19-2026,highest-temperature-in-mexico-city-on-july-19-2026-25c,mexico-city,2026-07-19,YES,25°C,dao-chieu,0.52,57.69,30.0,0.72,0.52,0.18,26.97,won,57.69,26.97,2026-07-20T10:37:07Z
2026-07-19T21:46:02Z,highest-temperature-in-houston-on-july-19-2026,highest-temperature-in-houston-on-july-19-2026-96-97f,houston,2026-07-19,NO,96-97°F,20-29c,0.86,11.63,10.0,0.07,0.25,0.63,1.56,won,11.63,1.56,2026-07-20T10:37:07Z
2026-07-19T21:46:02Z,highest-temperature-in-san-francisco-on-july-19-2026,highest-temperature-in-san-francisco-on-july-19-2026-66-67f,san-francisco,2026-07-19,NO,66-67°F,20-29c,0.85,11.76,10.0,0.075,0.29,0.59,1.68,won,11.76,1.68,2026-07-20T10:37:07Z
2026-07-19T21:51:14Z,highest-temperature-in-denver-on-july-19-2026,highest-temperature-in-denver-on-july-19-2026-96-97f,denver,2026-07-19,NO,96-97°F,20-29c,0.73,13.7,10.0,0.135,0.28,0.47,3.56,won,13.7,3.56,2026-07-20T10:37:07Z
2026-07-19T22:02:11Z,highest-temperature-in-dallas-on-july-19-2026,highest-temperature-in-dallas-on-july-19-2026-100-101f,dallas,2026-07-19,NO,100-101°F,10-19c,0.96,10.42,10.0,0.02,0.12,0.54,0.4,won,10.42,0.4,2026-07-20T06:38:01Z
2026-07-19T22:02:11Z,highest-temperature-in-austin-on-july-19-2026,highest-temperature-in-austin-on-july-19-2026-96-97f,austin,2026-07-19,NO,96-97°F,20-29c,0.97,10.31,10.0,0.015,0.23,0.69,0.3,won,10.31,0.3,2026-07-20T10:37:07Z
2026-07-19T22:06:57Z,highest-temperature-in-austin-on-july-19-2026,highest-temperature-in-austin-on-july-19-2026-96-97f,austin,2026-07-19,NO,96-97°F,10-19c,0.97,10.31,10.0,0.015,0.19,0.69,0.3,won,10.31,0.3,2026-07-20T10:37:07Z
2026-07-19T22:17:01Z,highest-temperature-in-san-francisco-on-july-19-2026,highest-temperature-in-san-francisco-on-july-19-2026-66-67f,san-francisco,2026-07-19,NO,66-67°F,10-19c,0.95,10.53,10.0,0.025,0.14,0.59,0.5,won,10.53,0.5,2026-07-20T10:37:07Z
2026-07-19T23:54:29Z,highest-temperature-in-seattle-on-july-19-2026,highest-temperature-in-seattle-on-july-19-2026-76-77f,seattle,2026-07-19,NO,76-77°F,10-19c,0.96,10.42,10.0,0.02,0.19,0.7,0.4,won,10.42,0.4,2026-07-20T10:37:07Z
2026-07-20T00:00:13Z,highest-temperature-in-san-francisco-on-july-20-2026,highest-temperature-in-san-francisco-on-july-20-2026-72-73f,san-francisco,2026-07-20,NO,72-73°F,20-29c,0.8,12.5,10.0,0.1,0.23,0.44,2.4,won,12.5,2.4,2026-07-21T17:02:58Z
2026-07-20T00:04:53Z,highest-temperature-in-kuala-lumpur-on-july-20-2026,highest-temperature-in-kuala-lumpur-on-july-20-2026-32c,kuala-lumpur,2026-07-20,NO,32°C,20-29c,0.75,13.33,10.0,0.125,0.29,0.4,3.21,won,13.33,3.21,2026-07-21T09:45:21Z
2026-07-20T00:30:37Z,highest-temperature-in-tokyo-on-july-20-2026,highest-temperature-in-tokyo-on-july-20-2026-35c,tokyo,2026-07-20,NO,35°C,20-29c,0.74,13.51,10.0,0.13,0.29,0.43,3.38,lost,0.0,-10.13,2026-07-21T09:45:21Z
2026-07-20T00:56:18Z,highest-temperature-in-shanghai-on-july-20-2026,highest-temperature-in-shanghai-on-july-20-2026-33c,shanghai,2026-07-20,NO,33°C,20-29c,0.79,12.66,10.0,0.105,0.24,0.41,2.56,won,12.66,2.56,2026-07-21T09:45:21Z
2026-07-20T01:26:40Z,highest-temperature-in-tokyo-on-july-20-2026,highest-temperature-in-tokyo-on-july-20-2026-35c,tokyo,2026-07-20,NO,35°C,10-19c,0.83,12.05,10.0,0.085,0.19,0.43,1.97,lost,0.0,-10.09,2026-07-21T09:45:21Z
2026-07-20T01:31:53Z,highest-temperature-in-beijing-on-july-20-2026,highest-temperature-in-beijing-on-july-20-2026-32corhigher,beijing,2026-07-20,NO,>=32°C,20-29c,0.8,12.5,10.0,0.1,0.271,0.466,2.4,won,12.5,2.4,2026-07-21T09:45:21Z
2026-07-20T01:42:01Z,highest-temperature-in-kuala-lumpur-on-july-20-2026,highest-temperature-in-kuala-lumpur-on-july-20-2026-32c,kuala-lumpur,2026-07-20,NO,32°C,10-19c,0.9,11.11,10.0,0.05,0.18,0.4,1.06,won,11.11,1.06,2026-07-21T09:45:21Z
2026-07-20T02:08:17Z,highest-temperature-in-beijing-on-july-20-2026,highest-temperature-in-beijing-on-july-20-2026-32corhigher,beijing,2026-07-20,NO,>=32°C,10-19c,0.913,10.95,10.0,0.0435,0.148,0.466,0.91,won,10.95,0.91,2026-07-21T09:45:21Z
2026-07-20T02:08:17Z,highest-temperature-in-tokyo-on-july-20-2026,highest-temperature-in-tokyo-on-july-20-2026-34c,tokyo,2026-07-20,NO,34°C,20-29c,0.76,13.16,10.0,0.12,0.29,0.52,3.04,won,13.16,3.04,2026-07-21T09:45:21Z
2026-07-20T02:08:17Z,highest-temperature-in-hong-kong-on-july-20-2026,highest-temperature-in-hong-kong-on-july-20-2026-30c,hong-kong,2026-07-20,NO,30°C,20-29c,0.73,13.7,10.0,0.135,0.28,0.53,3.56,won,13.7,3.56,2026-07-21T09:45:21Z
2026-07-20T02:18:46Z,highest-temperature-in-kuala-lumpur-on-july-20-2026,highest-temperature-in-kuala-lumpur-on-july-20-2026-29c,kuala-lumpur,2026-07-20,NO,29°C,20-29c,0.812,12.32,10.0,0.094,0.295,0.518,2.23,lost,0.0,-10.09,2026-07-21T09:45:21Z
2026-07-20T02:29:13Z,highest-temperature-in-shanghai-on-july-20-2026,highest-temperature-in-shanghai-on-july-20-2026-33c,shanghai,2026-07-20,NO,33°C,10-19c,0.88,11.36,10.0,0.06,0.14,0.41,1.3,won,11.36,1.3,2026-07-21T09:45:21Z
2026-07-20T02:29:13Z,highest-temperature-in-busan-on-july-20-2026,highest-temperature-in-busan-on-july-20-2026-31c,busan,2026-07-20,NO,31°C,20-29c,0.85,11.76,10.0,0.075,0.27,0.5,1.68,won,11.76,1.68,2026-07-21T09:45:21Z
2026-07-20T02:54:59Z,highest-temperature-in-madrid-on-july-20-2026,highest-temperature-in-madrid-on-july-20-2026-37c,madrid,2026-07-20,NO,37°C,20-29c,0.75,13.33,10.0,0.125,0.27,0.41,3.21,won,13.33,3.21,2026-07-21T09:45:21Z
2026-07-20T02:59:54Z,highest-temperature-in-tokyo-on-july-20-2026,highest-temperature-in-tokyo-on-july-20-2026-34c,tokyo,2026-07-20,YES,34°C,dao-chieu,0.58,51.72,30.0,0.6299,0.58,0.29,21.09,lost,0.0,-30.63,2026-07-21T09:45:21Z
2026-07-20T03:10:03Z,highest-temperature-in-hong-kong-on-july-20-2026,highest-temperature-in-hong-kong-on-july-20-2026-30c,hong-kong,2026-07-20,NO,30°C,10-19c,0.84,11.9,10.0,0.08,0.18,0.53,1.82,won,11.9,1.82,2026-07-21T09:45:21Z
2026-07-20T03:10:03Z,highest-temperature-in-shanghai-on-july-20-2026,highest-temperature-in-shanghai-on-july-20-2026-35c,shanghai,2026-07-20,NO,35°C,10-19c,0.85,11.76,10.0,0.075,0.17,0.4,1.68,lost,0.0,-10.07,2026-07-21T09:45:21Z
2026-07-20T03:15:17Z,highest-temperature-in-shanghai-on-july-20-2026,highest-temperature-in-shanghai-on-july-20-2026-35c,shanghai,2026-07-20,NO,35°C,20-29c,0.82,12.2,10.0,0.09,0.25,0.4,2.11,lost,0.0,-10.09,2026-07-21T09:45:21Z
2026-07-20T03:15:17Z,highest-temperature-in-guangzhou-on-july-20-2026,highest-temperature-in-guangzhou-on-july-20-2026-32c,guangzhou,2026-07-20,NO,32°C,20-29c,0.81,12.35,10.0,0.095,0.23,0.53,2.25,won,12.35,2.25,2026-07-21T09:45:21Z
2026-07-20T03:20:31Z,highest-temperature-in-moscow-on-july-20-2026,highest-temperature-in-moscow-on-july-20-2026-28c,moscow,2026-07-20,NO,28°C,20-29c,0.74,13.51,10.0,0.13,0.29,0.4,3.38,won,13.51,3.38,2026-07-21T09:45:21Z
2026-07-20T03:35:53Z,highest-temperature-in-kuala-lumpur-on-july-20-2026,highest-temperature-in-kuala-lumpur-on-july-20-2026-29c,kuala-lumpur,2026-07-20,YES,29°C,dao-chieu,0.587,51.11,30.0,0.6195,0.587,0.295,20.49,won,51.11,20.49,2026-07-21T09:45:21Z
2026-07-20T03:50:51Z,highest-temperature-in-tokyo-on-july-20-2026,highest-temperature-in-tokyo-on-july-20-2026-35c,tokyo,2026-07-20,YES,35°C,dao-chieu,0.54,55.56,30.0,0.6901,0.54,0.29,24.87,won,55.56,24.87,2026-07-21T09:45:21Z
2026-07-20T04:02:05Z,highest-temperature-in-busan-on-july-20-2026,highest-temperature-in-busan-on-july-20-2026-31c,busan,2026-07-20,NO,31°C,10-19c,0.97,10.31,10.0,0.015,0.14,0.5,0.3,won,10.31,0.3,2026-07-21T09:45:21Z
2026-07-20T04:02:05Z,highest-temperature-in-seoul-on-july-20-2026,highest-temperature-in-seoul-on-july-20-2026-24c,seoul,2026-07-20,NO,24°C,20-29c,0.799,12.52,10.0,0.1005,0.26,0.437,2.42,won,12.52,2.42,2026-07-21T09:45:21Z
2026-07-20T04:06:14Z,highest-temperature-in-taipei-on-july-20-2026,highest-temperature-in-taipei-on-july-20-2026-36c,taipei,2026-07-20,NO,36°C,20-29c,0.82,12.2,10.0,0.09,0.29,0.46,2.11,won,12.2,2.11,2026-07-21T09:45:21Z
2026-07-20T04:11:26Z,highest-temperature-in-seoul-on-july-20-2026,highest-temperature-in-seoul-on-july-20-2026-24c,seoul,2026-07-20,NO,24°C,10-19c,0.926,10.8,10.0,0.037,0.111,0.437,0.76,won,10.8,0.76,2026-07-21T09:45:21Z
2026-07-20T04:11:26Z,highest-temperature-in-kuala-lumpur-on-july-20-2026,highest-temperature-in-kuala-lumpur-on-july-20-2026-30c,kuala-lumpur,2026-07-20,NO,30°C,20-29c,0.79,12.66,10.0,0.105,0.23,0.4,2.56,won,12.66,2.56,2026-07-21T09:45:21Z
2026-07-20T04:26:10Z,highest-temperature-in-busan-on-july-20-2026,highest-temperature-in-busan-on-july-20-2026-31c,busan,2026-07-20,YES,31°C,dao-chieu,0.53,56.6,30.0,0.705,0.53,0.27,25.9,lost,0.0,-30.7,2026-07-21T09:45:21Z
2026-07-20T04:26:10Z,highest-temperature-in-taipei-on-july-20-2026,highest-temperature-in-taipei-on-july-20-2026-35c,taipei,2026-07-20,NO,35°C,20-29c,0.79,12.66,10.0,0.105,0.29,0.47,2.56,lost,0.0,-10.11,2026-07-21T09:45:21Z
2026-07-20T04:31:26Z,highest-temperature-in-taipei-on-july-20-2026,highest-temperature-in-taipei-on-july-20-2026-36c,taipei,2026-07-20,NO,36°C,10-19c,0.95,10.53,10.0,0.025,0.15,0.46,0.5,won,10.53,0.5,2026-07-21T09:45:21Z
2026-07-20T04:41:37Z,highest-temperature-in-shanghai-on-july-20-2026,highest-temperature-in-shanghai-on-july-20-2026-35c,shanghai,2026-07-20,YES,35°C,dao-chieu,0.52,57.69,30.0,0.72,0.52,0.17,26.97,won,57.69,26.97,2026-07-21T09:45:21Z
2026-07-20T04:41:37Z,highest-temperature-in-beijing-on-july-20-2026,highest-temperature-in-beijing-on-july-20-2026-30c,beijing,2026-07-20,NO,30°C,20-29c,0.83,12.05,10.0,0.085,0.26,0.52,1.97,lost,0.0,-10.09,2026-07-21T09:45:21Z
2026-07-20T04:56:55Z,highest-temperature-in-beijing-on-july-20-2026,highest-temperature-in-beijing-on-july-20-2026-30c,beijing,2026-07-20,NO,30°C,10-19c,0.93,10.75,10.0,0.035,0.17,0.52,0.71,lost,0.0,-10.04,2026-07-21T09:45:21Z
2026-07-20T04:56:55Z,highest-temperature-in-tokyo-on-july-20-2026,highest-temperature-in-tokyo-on-july-20-2026-36c,tokyo,2026-07-20,NO,36°C,20-29c,0.898,11.14,10.0,0.051,0.298,0.587,1.09,won,11.14,1.09,2026-07-21T09:45:21Z
2026-07-20T05:02:07Z,highest-temperature-in-tokyo-on-july-20-2026,highest-temperature-in-tokyo-on-july-20-2026-36c,tokyo,2026-07-20,NO,36°C,10-19c,0.938,10.66,10.0,0.031,0.145,0.587,0.63,won,10.66,0.63,2026-07-21T09:45:21Z
2026-07-20T05:12:00Z,highest-temperature-in-beijing-on-july-20-2026,highest-temperature-in-beijing-on-july-20-2026-28c,beijing,2026-07-20,NO,28°C,10-19c,0.883,11.33,10.0,0.0585,0.19,0.499,1.27,won,11.33,1.27,2026-07-21T09:45:21Z
2026-07-20T05:22:20Z,highest-temperature-in-chongqing-on-july-20-2026,highest-temperature-in-chongqing-on-july-20-2026-37c,chongqing,2026-07-20,NO,37°C,20-29c,0.86,11.63,10.0,0.07,0.26,0.53,1.56,won,11.63,1.56,2026-07-21T09:45:21Z
2026-07-20T05:27:38Z,highest-temperature-in-chongqing-on-july-20-2026,highest-temperature-in-chongqing-on-july-20-2026-37c,chongqing,2026-07-20,NO,37°C,10-19c,0.87,11.49,10.0,0.065,0.19,0.53,1.43,won,11.49,1.43,2026-07-21T09:45:21Z
2026-07-20T05:32:57Z,highest-temperature-in-beijing-on-july-20-2026,highest-temperature-in-beijing-on-july-20-2026-30c,beijing,2026-07-20,YES,30°C,dao-chieu,0.78,38.46,30.0,0.33,0.78,0.26,8.13,won,38.46,8.13,2026-07-21T09:45:21Z
2026-07-20T05:37:49Z,highest-temperature-in-taipei-on-july-20-2026,highest-temperature-in-taipei-on-july-20-2026-35c,taipei,2026-07-20,YES,35°C,dao-chieu,0.92,32.61,30.0,0.12,0.92,0.29,2.49,won,32.61,2.49,2026-07-21T09:45:21Z
2026-07-20T05:53:20Z,highest-temperature-in-seoul-on-july-20-2026,highest-temperature-in-seoul-on-july-20-2026-25c,seoul,2026-07-20,NO,25°C,20-29c,0.85,11.76,10.0,0.075,0.22,0.42,1.68,won,11.76,1.68,2026-07-21T09:45:21Z
2026-07-20T05:58:13Z,highest-temperature-in-seoul-on-july-20-2026,highest-temperature-in-seoul-on-july-20-2026-25c,seoul,2026-07-20,NO,25°C,10-19c,0.88,11.36,10.0,0.06,0.19,0.42,1.3,won,11.36,1.3,2026-07-21T09:45:21Z
2026-07-20T06:03:04Z,highest-temperature-in-manila-on-july-20-2026,highest-temperature-in-manila-on-july-20-2026-34c,manila,2026-07-20,NO,34°C,20-29c,0.88,11.36,10.0,0.06,0.26,0.41,1.3,won,11.36,1.3,2026-07-21T09:45:21Z
2026-07-20T06:08:22Z,highest-temperature-in-lucknow-on-july-20-2026,highest-temperature-in-lucknow-on-july-20-2026-28c,lucknow,2026-07-20,NO,28°C,20-29c,0.76,13.16,10.0,0.12,0.28,0.49,3.04,won,13.16,3.04,2026-07-21T09:45:21Z
2026-07-20T06:13:14Z,highest-temperature-in-kuala-lumpur-on-july-20-2026,highest-temperature-in-kuala-lumpur-on-july-20-2026-30c,kuala-lumpur,2026-07-20,NO,30°C,10-19c,0.87,11.49,10.0,0.065,0.19,0.4,1.43,won,11.49,1.43,2026-07-21T09:45:21Z
2026-07-20T06:23:48Z,highest-temperature-in-chengdu-on-july-20-2026,highest-temperature-in-chengdu-on-july-20-2026-39c,chengdu,2026-07-20,NO,39°C,20-29c,0.78,12.82,10.0,0.11,0.26,0.49,2.71,won,12.82,2.71,2026-07-21T09:45:21Z
2026-07-20T06:33:44Z,highest-temperature-in-chengdu-on-july-20-2026,highest-temperature-in-chengdu-on-july-20-2026-39c,chengdu,2026-07-20,NO,39°C,10-19c,0.94,10.64,10.0,0.03,0.15,0.49,0.61,won,10.64,0.61,2026-07-21T09:45:21Z
2026-07-20T06:49:11Z,highest-temperature-in-chengdu-on-july-20-2026,highest-temperature-in-chengdu-on-july-20-2026-37c,chengdu,2026-07-20,NO,37°C,20-29c,0.79,12.66,10.0,0.105,0.29,0.43,2.56,won,12.66,2.56,2026-07-21T09:45:21Z
2026-07-20T07:30:01Z,highest-temperature-in-lucknow-on-july-20-2026,highest-temperature-in-lucknow-on-july-20-2026-28c,lucknow,2026-07-20,NO,28°C,10-19c,0.82,12.2,10.0,0.09,0.19,0.49,2.11,won,12.2,2.11,2026-07-21T09:45:21Z
2026-07-20T07:40:19Z,highest-temperature-in-chengdu-on-july-20-2026,highest-temperature-in-chengdu-on-july-20-2026-37c,chengdu,2026-07-20,NO,37°C,10-19c,0.93,10.75,10.0,0.035,0.15,0.48,0.71,won,10.75,0.71,2026-07-21T09:45:21Z
2026-07-20T08:11:21Z,highest-temperature-in-shenzhen-on-july-20-2026,highest-temperature-in-shenzhen-on-july-20-2026-30c,shenzhen,2026-07-20,NO,30°C,20-29c,0.88,11.36,10.0,0.06,0.29,0.47,1.3,won,11.36,1.3,2026-07-21T09:45:21Z
2026-07-20T08:21:38Z,highest-temperature-in-shenzhen-on-july-20-2026,highest-temperature-in-shenzhen-on-july-20-2026-30c,shenzhen,2026-07-20,NO,30°C,10-19c,0.83,12.05,10.0,0.085,0.19,0.47,1.97,won,12.05,1.97,2026-07-21T09:45:21Z
2026-07-20T08:21:38Z,highest-temperature-in-london-on-july-20-2026,highest-temperature-in-london-on-july-20-2026-25c,london,2026-07-20,NO,25°C,20-29c,0.72,13.89,10.0,0.14,0.29,0.54,3.75,lost,0.0,-10.14,2026-07-21T09:45:21Z
2026-07-20T09:18:05Z,highest-temperature-in-istanbul-on-july-20-2026,highest-temperature-in-istanbul-on-july-20-2026-29c,istanbul,2026-07-20,NO,29°C,10-19c,0.87,11.49,10.0,0.065,0.17,0.59,1.43,won,11.49,1.43,2026-07-21T09:45:21Z
2026-07-20T09:18:05Z,highest-temperature-in-munich-on-july-20-2026,highest-temperature-in-munich-on-july-20-2026-23c,munich,2026-07-20,NO,23°C,20-29c,0.76,13.16,10.0,0.12,0.26,0.59,3.04,lost,0.0,-10.12,2026-07-21T09:45:21Z
2026-07-20T09:28:11Z,highest-temperature-in-istanbul-on-july-20-2026,highest-temperature-in-istanbul-on-july-20-2026-29c,istanbul,2026-07-20,NO,29°C,20-29c,0.77,12.99,10.0,0.115,0.29,0.59,2.88,won,12.99,2.88,2026-07-21T09:45:21Z
2026-07-20T10:14:07Z,highest-temperature-in-madrid-on-july-20-2026,highest-temperature-in-madrid-on-july-20-2026-37c,madrid,2026-07-20,NO,37°C,10-19c,0.85,11.76,10.0,0.075,0.19,0.41,1.68,won,11.76,1.68,2026-07-21T09:45:21Z
2026-07-20T10:55:17Z,highest-temperature-in-tel-aviv-on-july-20-2026,highest-temperature-in-tel-aviv-on-july-20-2026-34c,tel-aviv,2026-07-20,NO,34°C,20-29c,0.86,11.63,10.0,0.07,0.2,0.67,1.56,won,11.63,1.56,2026-07-21T09:45:21Z
2026-07-20T11:00:17Z,highest-temperature-in-tel-aviv-on-july-20-2026,highest-temperature-in-tel-aviv-on-july-20-2026-34c,tel-aviv,2026-07-20,NO,34°C,10-19c,0.9,11.11,10.0,0.05,0.12,0.67,1.06,won,11.11,1.06,2026-07-21T09:45:21Z
2026-07-20T11:05:31Z,highest-temperature-in-moscow-on-july-20-2026,highest-temperature-in-moscow-on-july-20-2026-28c,moscow,2026-07-20,NO,28°C,10-19c,0.94,10.64,10.0,0.03,0.13,0.4,0.61,won,10.64,0.61,2026-07-21T09:45:21Z
2026-07-20T11:36:14Z,highest-temperature-in-warsaw-on-july-20-2026,highest-temperature-in-warsaw-on-july-20-2026-21c,warsaw,2026-07-20,NO,21°C,20-29c,0.78,12.82,10.0,0.11,0.25,0.59,2.71,won,12.82,2.71,2026-07-21T09:45:21Z
2026-07-20T11:46:21Z,highest-temperature-in-cape-town-on-july-20-2026,highest-temperature-in-cape-town-on-july-20-2026-16c,cape-town,2026-07-20,NO,16°C,20-29c,0.75,13.33,10.0,0.125,0.28,0.44,3.21,lost,0.0,-10.12,2026-07-21T09:45:21Z
2026-07-20T11:56:36Z,highest-temperature-in-amsterdam-on-july-20-2026,highest-temperature-in-amsterdam-on-july-20-2026-21c,amsterdam,2026-07-20,NO,21°C,20-29c,0.84,11.9,10.0,0.08,0.22,0.45,1.82,won,11.9,1.82,2026-07-21T09:45:21Z
2026-07-20T12:02:03Z,highest-temperature-in-denver-on-july-20-2026,highest-temperature-in-denver-on-july-20-2026-98-99f,denver,2026-07-20,NO,98-99°F,20-29c,0.76,13.16,10.0,0.12,0.27,0.51,3.04,won,13.16,3.04,2026-07-21T09:45:21Z
2026-07-20T12:12:38Z,highest-temperature-in-amsterdam-on-july-20-2026,highest-temperature-in-amsterdam-on-july-20-2026-21c,amsterdam,2026-07-20,NO,21°C,10-19c,0.84,11.9,10.0,0.08,0.18,0.45,1.82,won,11.9,1.82,2026-07-21T09:45:21Z
2026-07-20T12:17:28Z,highest-temperature-in-cape-town-on-july-20-2026,highest-temperature-in-cape-town-on-july-20-2026-16c,cape-town,2026-07-20,NO,16°C,10-19c,0.954,10.48,10.0,0.023,0.168,0.44,0.46,lost,0.0,-10.02,2026-07-21T09:45:21Z
2026-07-20T12:22:46Z,highest-temperature-in-warsaw-on-july-20-2026,highest-temperature-in-warsaw-on-july-20-2026-21c,warsaw,2026-07-20,YES,21°C,dao-chieu,0.5,60.0,30.0,0.75,0.5,0.25,29.25,lost,0.0,-30.75,2026-07-21T09:45:21Z
2026-07-20T12:32:53Z,highest-temperature-in-munich-on-july-20-2026,highest-temperature-in-munich-on-july-20-2026-23c,munich,2026-07-20,YES,23°C,dao-chieu,0.55,54.55,30.0,0.6751,0.55,0.26,23.87,won,54.55,23.87,2026-07-21T09:45:21Z
2026-07-20T12:38:09Z,highest-temperature-in-warsaw-on-july-20-2026,highest-temperature-in-warsaw-on-july-20-2026-21c,warsaw,2026-07-20,NO,21°C,10-19c,0.88,11.36,10.0,0.06,0.14,0.67,1.3,won,11.36,1.3,2026-07-21T09:45:21Z
2026-07-20T12:38:09Z,highest-temperature-in-cape-town-on-july-20-2026,highest-temperature-in-cape-town-on-july-20-2026-18c,cape-town,2026-07-20,NO,18°C,20-29c,0.8,12.5,10.0,0.1,0.26,0.5,2.4,won,12.5,2.4,2026-07-21T09:45:21Z
2026-07-20T12:43:26Z,highest-temperature-in-cape-town-on-july-20-2026,highest-temperature-in-cape-town-on-july-20-2026-18c,cape-town,2026-07-20,NO,18°C,10-19c,0.86,11.63,10.0,0.07,0.15,0.5,1.56,won,11.63,1.56,2026-07-21T09:45:21Z
2026-07-20T12:58:31Z,highest-temperature-in-moscow-on-july-20-2026,highest-temperature-in-moscow-on-july-20-2026-27c,moscow,2026-07-20,NO,27°C,10-19c,0.87,11.49,10.0,0.065,0.19,0.7,1.43,won,11.49,1.43,2026-07-21T09:45:21Z
2026-07-20T13:03:42Z,highest-temperature-in-moscow-on-july-20-2026,highest-temperature-in-moscow-on-july-20-2026-27c,moscow,2026-07-20,NO,27°C,20-29c,0.9,11.11,10.0,0.05,0.28,0.7,1.06,won,11.11,1.06,2026-07-21T09:45:21Z
2026-07-20T13:08:40Z,highest-temperature-in-cape-town-on-july-20-2026,highest-temperature-in-cape-town-on-july-20-2026-16c,cape-town,2026-07-20,YES,16°C,dao-chieu,0.604,49.67,30.0,0.594,0.604,0.28,19.08,won,49.67,19.08,2026-07-21T09:45:21Z
2026-07-20T13:08:40Z,highest-temperature-in-paris-on-july-20-2026,highest-temperature-in-paris-on-july-20-2026-23c,paris,2026-07-20,NO,23°C,20-29c,0.83,12.05,10.0,0.085,0.23,0.46,1.97,won,12.05,1.97,2026-07-21T09:45:21Z
2026-07-20T13:13:56Z,highest-temperature-in-paris-on-july-20-2026,highest-temperature-in-paris-on-july-20-2026-23c,paris,2026-07-20,NO,23°C,10-19c,0.84,11.9,10.0,0.08,0.17,0.46,1.82,won,11.9,1.82,2026-07-21T09:45:21Z
2026-07-20T13:29:44Z,highest-temperature-in-cape-town-on-july-20-2026,highest-temperature-in-cape-town-on-july-20-2026-17c,cape-town,2026-07-20,NO,17°C,20-29c,0.79,12.66,10.0,0.105,0.29,0.69,2.56,won,12.66,2.56,2026-07-21T09:45:21Z
2026-07-20T13:39:53Z,highest-temperature-in-london-on-july-20-2026,highest-temperature-in-london-on-july-20-2026-25c,london,2026-07-20,YES,25°C,dao-chieu,0.54,55.56,30.0,0.6901,0.54,0.29,24.87,won,55.56,24.87,2026-07-21T09:45:21Z
2026-07-20T14:10:11Z,highest-temperature-in-paris-on-july-20-2026,highest-temperature-in-paris-on-july-20-2026-23c,paris,2026-07-20,YES,23°C,dao-chieu,0.49,61.22,30.0,0.7649,0.49,0.23,30.46,lost,0.0,-30.76,2026-07-21T09:45:21Z
2026-07-20T14:10:11Z,highest-temperature-in-london-on-july-20-2026,highest-temperature-in-london-on-july-20-2026-25c,london,2026-07-20,NO,25°C,10-19c,0.87,11.49,10.0,0.065,0.16,0.54,1.43,lost,0.0,-10.06,2026-07-21T09:45:21Z
2026-07-20T14:10:11Z,highest-temperature-in-munich-on-july-20-2026,highest-temperature-in-munich-on-july-20-2026-24c,munich,2026-07-20,NO,24°C,20-29c,0.76,13.16,10.0,0.12,0.29,0.66,3.04,won,13.16,3.04,2026-07-21T09:45:21Z
2026-07-20T14:10:11Z,highest-temperature-in-buenos-aires-on-july-20-2026,highest-temperature-in-buenos-aires-on-july-20-2026-14c,buenos-aires,2026-07-20,NO,14°C,20-29c,0.75,13.33,10.0,0.125,0.29,0.48,3.21,won,13.33,3.21,2026-07-21T09:45:21Z
2026-07-20T14:20:16Z,highest-temperature-in-toronto-on-july-20-2026,highest-temperature-in-toronto-on-july-20-2026-27c,toronto,2026-07-20,NO,27°C,20-29c,0.8,12.5,10.0,0.1,0.26,0.45,2.4,lost,0.0,-10.1,2026-07-21T09:45:21Z
2026-07-20T14:30:50Z,highest-temperature-in-munich-on-july-20-2026,highest-temperature-in-munich-on-july-20-2026-24c,munich,2026-07-20,NO,24°C,10-19c,0.92,10.87,10.0,0.04,0.13,0.66,0.83,won,10.87,0.83,2026-07-21T09:45:21Z
2026-07-20T14:35:41Z,highest-temperature-in-buenos-aires-on-july-20-2026,highest-temperature-in-buenos-aires-on-july-20-2026-14c,buenos-aires,2026-07-20,NO,14°C,10-19c,0.91,10.99,10.0,0.045,0.18,0.48,0.95,won,10.99,0.95,2026-07-21T09:45:21Z
2026-07-20T14:35:41Z,highest-temperature-in-milan-on-july-20-2026,highest-temperature-in-milan-on-july-20-2026-31c,milan,2026-07-20,NO,31°C,20-29c,0.79,12.66,10.0,0.105,0.25,0.42,2.56,lost,0.0,-10.11,2026-07-21T09:45:21Z
2026-07-20T14:45:42Z,highest-temperature-in-buenos-aires-on-july-20-2026,highest-temperature-in-buenos-aires-on-july-20-2026-11c,buenos-aires,2026-07-20,NO,11°C,20-29c,0.849,11.78,10.0,0.0755,0.281,0.49,1.7,won,11.78,1.7,2026-07-21T09:45:21Z
2026-07-20T14:51:07Z,highest-temperature-in-nyc-on-july-20-2026,highest-temperature-in-nyc-on-july-20-2026-82-83f,nyc,2026-07-20,NO,82-83°F,20-29c,0.77,12.99,10.0,0.115,0.24,0.52,2.88,lost,0.0,-10.12,2026-07-21T09:45:21Z
2026-07-20T15:06:11Z,highest-temperature-in-buenos-aires-on-july-20-2026,highest-temperature-in-buenos-aires-on-july-20-2026-11c,buenos-aires,2026-07-20,NO,11°C,10-19c,0.95,10.53,10.0,0.025,0.117,0.49,0.5,won,10.53,0.5,2026-07-21T09:45:21Z
2026-07-20T15:21:58Z,highest-temperature-in-buenos-aires-on-july-20-2026,highest-temperature-in-buenos-aires-on-july-20-2026-14c,buenos-aires,2026-07-20,YES,14°C,dao-chieu,0.56,53.57,30.0,0.66,0.56,0.29,22.91,lost,0.0,-30.66,2026-07-21T09:45:21Z
2026-07-20T16:02:20Z,highest-temperature-in-houston-on-july-20-2026,highest-temperature-in-houston-on-july-20-2026-98-99f,houston,2026-07-20,NO,98-99°F,20-29c,0.83,12.05,10.0,0.085,0.27,0.44,1.97,won,12.05,1.97,2026-07-21T09:45:21Z
2026-07-20T16:12:30Z,highest-temperature-in-toronto-on-july-20-2026,highest-temperature-in-toronto-on-july-20-2026-27c,toronto,2026-07-20,YES,27°C,dao-chieu,0.52,57.69,30.0,0.72,0.52,0.26,26.97,won,57.69,26.97,2026-07-21T09:45:21Z
2026-07-20T16:47:25Z,highest-temperature-in-sao-paulo-on-july-20-2026,highest-temperature-in-sao-paulo-on-july-20-2026-26c,sao-paulo,2026-07-20,NO,26°C,20-29c,0.74,13.51,10.0,0.13,0.27,0.49,3.38,won,13.51,3.38,2026-07-21T09:45:21Z
2026-07-20T17:07:41Z,highest-temperature-in-chicago-on-july-20-2026,highest-temperature-in-chicago-on-july-20-2026-84-85f,chicago,2026-07-20,NO,84-85°F,20-29c,0.73,13.7,10.0,0.135,0.28,0.6,3.56,won,13.7,3.56,2026-07-21T09:45:21Z
2026-07-20T17:37:57Z,highest-temperature-in-chicago-on-july-20-2026,highest-temperature-in-chicago-on-july-20-2026-82-83f,chicago,2026-07-20,NO,82-83°F,20-29c,0.76,13.16,10.0,0.12,0.29,0.41,3.04,lost,0.0,-10.12,2026-07-21T09:45:21Z
2026-07-20T18:33:35Z,highest-temperature-in-houston-on-july-20-2026,highest-temperature-in-houston-on-july-20-2026-98-99f,houston,2026-07-20,NO,98-99°F,10-19c,0.84,11.9,10.0,0.08,0.19,0.44,1.82,won,11.9,1.82,2026-07-21T09:45:21Z
2026-07-20T18:33:35Z,highest-temperature-in-san-francisco-on-july-20-2026,highest-temperature-in-san-francisco-on-july-20-2026-70-71f,san-francisco,2026-07-20,NO,70-71°F,20-29c,0.86,11.63,10.0,0.07,0.25,0.51,1.56,lost,0.0,-10.07,2026-07-21T17:02:58Z
2026-07-20T18:33:35Z,highest-temperature-in-panama-city-on-july-20-2026,highest-temperature-in-panama-city-on-july-20-2026-30c,panama-city,2026-07-20,NO,30°C,20-29c,0.77,12.99,10.0,0.115,0.27,0.49,2.88,won,12.99,2.88,2026-07-21T09:45:21Z
2026-07-20T18:38:26Z,highest-temperature-in-toronto-on-july-20-2026,highest-temperature-in-toronto-on-july-20-2026-26c,toronto,2026-07-20,NO,26°C,20-29c,0.73,13.7,10.0,0.135,0.29,0.58,3.56,won,13.7,3.56,2026-07-21T09:45:21Z
2026-07-20T18:58:47Z,highest-temperature-in-atlanta-on-july-20-2026,highest-temperature-in-atlanta-on-july-20-2026-94-95f,atlanta,2026-07-20,NO,94-95°F,20-29c,0.9,11.11,10.0,0.05,0.29,0.45,1.06,won,11.11,1.06,2026-07-21T09:45:21Z
2026-07-20T19:03:52Z,highest-temperature-in-panama-city-on-july-20-2026,highest-temperature-in-panama-city-on-july-20-2026-30c,panama-city,2026-07-20,NO,30°C,10-19c,0.93,10.75,10.0,0.035,0.1,0.49,0.71,won,10.75,0.71,2026-07-21T09:45:21Z
2026-07-20T19:08:45Z,highest-temperature-in-san-francisco-on-july-20-2026,highest-temperature-in-san-francisco-on-july-20-2026-70-71f,san-francisco,2026-07-20,NO,70-71°F,10-19c,0.92,10.87,10.0,0.04,0.1,0.51,0.83,lost,0.0,-10.04,2026-07-21T17:02:58Z
2026-07-20T19:14:00Z,highest-temperature-in-nyc-on-july-20-2026,highest-temperature-in-nyc-on-july-20-2026-82-83f,nyc,2026-07-20,NO,82-83°F,10-19c,0.83,12.05,10.0,0.085,0.19,0.52,1.97,lost,0.0,-10.09,2026-07-21T09:45:21Z
2026-07-20T19:14:00Z,highest-temperature-in-mexico-city-on-july-20-2026,highest-temperature-in-mexico-city-on-july-20-2026-26c,mexico-city,2026-07-20,NO,26°C,10-19c,0.93,10.75,10.0,0.035,0.11,0.51,0.71,won,10.75,0.71,2026-07-21T09:45:21Z
2026-07-20T19:18:52Z,highest-temperature-in-san-francisco-on-july-20-2026,highest-temperature-in-san-francisco-on-july-20-2026-72-73f,san-francisco,2026-07-20,NO,72-73°F,10-19c,0.87,11.49,10.0,0.065,0.14,0.44,1.43,won,11.49,1.43,2026-07-21T17:02:58Z
2026-07-20T19:34:01Z,highest-temperature-in-san-francisco-on-july-20-2026,highest-temperature-in-san-francisco-on-july-20-2026-66-67f,san-francisco,2026-07-20,NO,66-67°F,20-29c,0.835,11.98,10.0,0.0825,0.281,0.587,1.9,won,11.98,1.9,2026-07-21T17:02:58Z
2026-07-20T19:39:13Z,highest-temperature-in-toronto-on-july-20-2026,highest-temperature-in-toronto-on-july-20-2026-26c,toronto,2026-07-20,NO,26°C,10-19c,0.85,11.76,10.0,0.075,0.18,0.58,1.68,won,11.76,1.68,2026-07-21T09:45:21Z
2026-07-20T19:49:18Z,highest-temperature-in-chicago-on-july-20-2026,highest-temperature-in-chicago-on-july-20-2026-80-81f,chicago,2026-07-20,NO,80-81°F,20-29c,0.848,11.79,10.0,0.076,0.299,0.429,1.71,won,11.79,1.71,2026-07-21T09:45:21Z
2026-07-20T19:59:24Z,highest-temperature-in-atlanta-on-july-20-2026,highest-temperature-in-atlanta-on-july-20-2026-94-95f,atlanta,2026-07-20,NO,94-95°F,10-19c,0.93,10.75,10.0,0.035,0.16,0.45,0.71,won,10.75,0.71,2026-07-21T09:45:21Z
2026-07-20T20:04:23Z,highest-temperature-in-mexico-city-on-july-20-2026,highest-temperature-in-mexico-city-on-july-20-2026-26c,mexico-city,2026-07-20,NO,26°C,20-29c,0.92,10.87,10.0,0.04,0.26,0.51,0.83,won,10.87,0.83,2026-07-21T09:45:21Z
2026-07-21T09:45:18Z,highest-temperature-in-london-on-july-21-2026,highest-temperature-in-london-on-july-21-2026-25c,london,2026-07-21,NO,25°C,10-19c,0.9,11.11,10.0,0.05,0.12,0.52,1.06,won,11.11,1.06,2026-07-22T09:47:20Z
2026-07-21T09:45:18Z,highest-temperature-in-ankara-on-july-21-2026,highest-temperature-in-ankara-on-july-21-2026-34c,ankara,2026-07-21,NO,34°C,10-19c,0.9,11.11,10.0,0.05,0.12,0.55,1.06,won,11.11,1.06,2026-07-22T09:47:20Z
2026-07-21T09:45:18Z,highest-temperature-in-milan-on-july-21-2026,highest-temperature-in-milan-on-july-21-2026-29c,milan,2026-07-21,NO,29°C,10-19c,0.86,11.63,10.0,0.07,0.18,0.4,1.56,won,11.63,1.56,2026-07-22T09:47:20Z
2026-07-21T09:45:18Z,highest-temperature-in-miami-on-july-21-2026,highest-temperature-in-miami-on-july-21-2026-94-95f,miami,2026-07-21,NO,94-95°F,10-19c,0.93,10.75,10.0,0.035,0.1,0.45,0.71,won,10.75,0.71,2026-07-22T09:47:20Z
2026-07-21T09:45:18Z,highest-temperature-in-san-francisco-on-july-21-2026,highest-temperature-in-san-francisco-on-july-21-2026-82-83f,san-francisco,2026-07-21,NO,82-83°F,10-19c,0.82,12.2,10.0,0.09,0.19,0.45,2.11,won,12.2,2.11,2026-07-22T09:47:20Z
2026-07-21T09:45:18Z,highest-temperature-in-madrid-on-july-21-2026,highest-temperature-in-madrid-on-july-21-2026-38c,madrid,2026-07-21,NO,38°C,20-29c,0.84,11.9,10.0,0.08,0.2,0.69,1.82,won,11.9,1.82,2026-07-22T09:47:20Z
2026-07-21T09:45:18Z,highest-temperature-in-san-francisco-on-july-21-2026,highest-temperature-in-san-francisco-on-july-21-2026-84-85f,san-francisco,2026-07-21,NO,84-85°F,20-29c,0.837,11.95,10.0,0.0815,0.208,0.46,1.87,won,11.95,1.87,2026-07-22T09:47:20Z
2026-07-21T10:02:17Z,highest-temperature-in-london-on-july-21-2026,highest-temperature-in-london-on-july-21-2026-24c,london,2026-07-21,NO,24°C,20-29c,0.76,13.16,10.0,0.12,0.25,0.54,3.04,won,13.16,3.04,2026-07-22T09:47:20Z
2026-07-21T10:02:17Z,highest-temperature-in-amsterdam-on-july-21-2026,highest-temperature-in-amsterdam-on-july-21-2026-22c,amsterdam,2026-07-21,NO,22°C,20-29c,0.75,13.33,10.0,0.125,0.28,0.46,3.21,lost,0.0,-10.12,2026-07-22T09:47:20Z
2026-07-21T10:02:17Z,highest-temperature-in-helsinki-on-july-21-2026,highest-temperature-in-helsinki-on-july-21-2026-15c,helsinki,2026-07-21,NO,15°C,20-29c,0.83,12.05,10.0,0.085,0.21,0.54,1.97,won,12.05,1.97,2026-07-22T09:47:20Z
2026-07-21T10:22:28Z,highest-temperature-in-helsinki-on-july-21-2026,highest-temperature-in-helsinki-on-july-21-2026-15c,helsinki,2026-07-21,NO,15°C,10-19c,0.92,10.87,10.0,0.04,0.19,0.54,0.83,won,10.87,0.83,2026-07-22T09:47:20Z
2026-07-21T10:32:20Z,highest-temperature-in-milan-on-july-21-2026,highest-temperature-in-milan-on-july-21-2026-29c,milan,2026-07-21,NO,29°C,20-29c,0.8,12.5,10.0,0.1,0.21,0.4,2.4,won,12.5,2.4,2026-07-22T09:47:20Z
2026-07-21T10:47:28Z,highest-temperature-in-moscow-on-july-21-2026,highest-temperature-in-moscow-on-july-21-2026-24c,moscow,2026-07-21,NO,24°C,20-29c,0.93,10.75,10.0,0.035,0.25,0.6,0.71,lost,0.0,-10.04,2026-07-22T09:47:20Z
2026-07-21T10:52:30Z,highest-temperature-in-milan-on-july-21-2026,highest-temperature-in-milan-on-july-21-2026-29c,milan,2026-07-21,YES,29°C,dao-chieu,0.52,57.69,30.0,0.72,0.52,0.18,26.97,lost,0.0,-30.72,2026-07-22T09:47:20Z
2026-07-21T10:52:30Z,highest-temperature-in-ankara-on-july-21-2026,highest-temperature-in-ankara-on-july-21-2026-34c,ankara,2026-07-21,NO,34°C,20-29c,0.84,11.9,10.0,0.08,0.23,0.55,1.82,won,11.9,1.82,2026-07-22T09:47:20Z
2026-07-21T11:02:34Z,highest-temperature-in-milan-on-july-21-2026,highest-temperature-in-milan-on-july-21-2026-30c,milan,2026-07-21,NO,30°C,20-29c,0.79,12.66,10.0,0.105,0.29,0.47,2.56,lost,0.0,-10.11,2026-07-22T09:47:20Z
2026-07-21T11:17:52Z,highest-temperature-in-london-on-july-21-2026,highest-temperature-in-london-on-july-21-2026-24c,london,2026-07-21,NO,24°C,10-19c,0.84,11.9,10.0,0.08,0.18,0.54,1.82,won,11.9,1.82,2026-07-22T09:47:20Z
2026-07-21T11:17:52Z,highest-temperature-in-warsaw-on-july-21-2026,highest-temperature-in-warsaw-on-july-21-2026-18c,warsaw,2026-07-21,NO,18°C,20-29c,0.75,13.33,10.0,0.125,0.29,0.51,3.21,won,13.33,3.21,2026-07-22T09:47:20Z
2026-07-21T11:27:44Z,highest-temperature-in-madrid-on-july-21-2026,highest-temperature-in-madrid-on-july-21-2026-38c,madrid,2026-07-21,NO,38°C,10-19c,0.89,11.24,10.0,0.055,0.13,0.69,1.19,won,11.24,1.19,2026-07-22T09:47:20Z
2026-07-21T11:32:43Z,highest-temperature-in-moscow-on-july-21-2026,highest-temperature-in-moscow-on-july-21-2026-24c,moscow,2026-07-21,NO,24°C,10-19c,0.91,10.99,10.0,0.045,0.18,0.6,0.95,lost,0.0,-10.04,2026-07-22T09:47:20Z
2026-07-21T11:42:53Z,highest-temperature-in-san-francisco-on-july-21-2026,highest-temperature-in-san-francisco-on-july-21-2026-84-85f,san-francisco,2026-07-21,NO,84-85°F,10-19c,0.835,11.98,10.0,0.0825,0.182,0.46,1.9,won,11.98,1.9,2026-07-22T09:47:20Z
2026-07-21T11:42:53Z,highest-temperature-in-san-francisco-on-july-21-2026,highest-temperature-in-san-francisco-on-july-21-2026-82-83f,san-francisco,2026-07-21,NO,82-83°F,20-29c,0.81,12.35,10.0,0.095,0.26,0.45,2.25,won,12.35,2.25,2026-07-22T09:47:20Z
2026-07-21T11:58:10Z,highest-temperature-in-moscow-on-july-21-2026,highest-temperature-in-moscow-on-july-21-2026-24c,moscow,2026-07-21,YES,24°C,dao-chieu,0.69,43.48,30.0,0.465,0.69,0.25,13.01,won,43.48,13.01,2026-07-22T09:47:20Z
2026-07-21T12:18:15Z,highest-temperature-in-warsaw-on-july-21-2026,highest-temperature-in-warsaw-on-july-21-2026-18c,warsaw,2026-07-21,NO,18°C,10-19c,0.86,11.63,10.0,0.07,0.19,0.51,1.56,won,11.63,1.56,2026-07-22T09:47:20Z
2026-07-21T12:43:20Z,highest-temperature-in-warsaw-on-july-21-2026,highest-temperature-in-warsaw-on-july-21-2026-18c,warsaw,2026-07-21,YES,18°C,dao-chieu,0.54,55.56,30.0,0.6901,0.54,0.29,24.87,lost,0.0,-30.69,2026-07-22T09:47:20Z
2026-07-21T12:43:20Z,highest-temperature-in-munich-on-july-21-2026,highest-temperature-in-munich-on-july-21-2026-24c,munich,2026-07-21,NO,24°C,10-19c,0.91,10.99,10.0,0.045,0.17,0.4,0.95,won,10.99,0.95,2026-07-22T09:47:20Z
2026-07-21T12:53:20Z,highest-temperature-in-munich-on-july-21-2026,highest-temperature-in-munich-on-july-21-2026-24c,munich,2026-07-21,NO,24°C,20-29c,0.88,11.36,10.0,0.06,0.25,0.4,1.3,won,11.36,1.3,2026-07-22T09:47:20Z
2026-07-21T12:58:12Z,highest-temperature-in-london-on-july-21-2026,highest-temperature-in-london-on-july-21-2026-23c,london,2026-07-21,NO,23°C,20-29c,0.74,13.51,10.0,0.13,0.29,0.55,3.38,won,13.51,3.38,2026-07-22T09:47:20Z
2026-07-21T13:03:26Z,highest-temperature-in-amsterdam-on-july-21-2026,highest-temperature-in-amsterdam-on-july-21-2026-22c,amsterdam,2026-07-21,NO,22°C,10-19c,0.87,11.49,10.0,0.065,0.19,0.51,1.43,lost,0.0,-10.06,2026-07-22T09:47:20Z
2026-07-21T13:33:34Z,highest-temperature-in-milan-on-july-21-2026,highest-temperature-in-milan-on-july-21-2026-30c,milan,2026-07-21,YES,30°C,dao-chieu,0.61,49.18,30.0,0.585,0.61,0.29,18.59,won,49.18,18.59,2026-07-22T09:47:20Z
2026-07-21T13:38:32Z,highest-temperature-in-london-on-july-21-2026,highest-temperature-in-london-on-july-21-2026-23c,london,2026-07-21,NO,23°C,10-19c,0.88,11.36,10.0,0.06,0.15,0.55,1.3,won,11.36,1.3,2026-07-22T09:47:20Z
2026-07-21T13:48:27Z,highest-temperature-in-amsterdam-on-july-21-2026,highest-temperature-in-amsterdam-on-july-21-2026-22c,amsterdam,2026-07-21,YES,22°C,dao-chieu,0.53,56.6,30.0,0.705,0.53,0.28,25.9,won,56.6,25.9,2026-07-22T09:47:20Z
2026-07-21T14:03:37Z,highest-temperature-in-madrid-on-july-21-2026,highest-temperature-in-madrid-on-july-21-2026-38c,madrid,2026-07-21,YES,38°C,dao-chieu,0.58,51.72,30.0,0.6299,0.58,0.2,21.09,lost,0.0,-30.63,2026-07-22T09:47:20Z
2026-07-21T14:08:39Z,highest-temperature-in-san-francisco-on-july-21-2026,highest-temperature-in-san-francisco-on-july-21-2026-86-87f,san-francisco,2026-07-21,NO,86-87°F,10-19c,0.824,12.14,10.0,0.088,0.183,0.46,2.05,won,12.14,2.05,2026-07-22T09:47:20Z
2026-07-21T14:18:58Z,highest-temperature-in-san-francisco-on-july-21-2026,highest-temperature-in-san-francisco-on-july-21-2026-82-83f,san-francisco,2026-07-21,YES,82-83°F,dao-chieu,0.45,66.67,30.0,0.825,0.45,0.19,35.84,lost,0.0,-30.82,2026-07-22T09:47:20Z
2026-07-21T14:44:13Z,highest-temperature-in-paris-on-july-21-2026,highest-temperature-in-paris-on-july-21-2026-25c,paris,2026-07-21,NO,25°C,20-29c,0.83,12.05,10.0,0.085,0.26,0.46,1.97,won,12.05,1.97,2026-07-22T09:47:20Z
2026-07-21T15:14:30Z,highest-temperature-in-paris-on-july-21-2026,highest-temperature-in-paris-on-july-21-2026-25c,paris,2026-07-21,YES,25°C,dao-chieu,0.59,50.85,30.0,0.615,0.59,0.26,20.24,lost,0.0,-30.61,2026-07-22T09:47:20Z
2026-07-21T15:44:38Z,highest-temperature-in-san-francisco-on-july-21-2026,highest-temperature-in-san-francisco-on-july-21-2026-86-87f,san-francisco,2026-07-21,NO,86-87°F,20-29c,0.847,11.81,10.0,0.0765,0.238,0.46,1.73,won,11.81,1.73,2026-07-22T09:47:20Z
2026-07-21T17:45:09Z,highest-temperature-in-san-francisco-on-july-21-2026,highest-temperature-in-san-francisco-on-july-21-2026-84-85f,san-francisco,2026-07-21,YES,84-85°F,dao-chieu,0.569,52.72,30.0,0.6465,0.569,0.208,22.07,lost,0.0,-30.65,2026-07-22T09:47:20Z
2026-07-21T18:45:27Z,highest-temperature-in-panama-city-on-july-21-2026,highest-temperature-in-panama-city-on-july-21-2026-33c,panama-city,2026-07-21,NO,33°C,10-19c,0.826,12.11,10.0,0.087,0.18,0.51,2.02,won,12.11,2.02,2026-07-22T09:47:20Z
2026-07-21T18:55:35Z,highest-temperature-in-panama-city-on-july-21-2026,highest-temperature-in-panama-city-on-july-21-2026-33c,panama-city,2026-07-21,NO,33°C,20-29c,0.824,12.14,10.0,0.088,0.279,0.51,2.05,won,12.14,2.05,2026-07-22T09:47:20Z
2026-07-21T19:40:59Z,highest-temperature-in-panama-city-on-july-21-2026,highest-temperature-in-panama-city-on-july-21-2026-33c,panama-city,2026-07-21,YES,33°C,dao-chieu,0.667,44.98,30.0,0.4995,0.667,0.18,14.48,lost,0.0,-30.5,2026-07-22T09:47:20Z
2026-07-21T23:28:21Z,highest-temperature-in-san-francisco-on-july-21-2026,highest-temperature-in-san-francisco-on-july-21-2026-86-87f,san-francisco,2026-07-21,YES,86-87°F,dao-chieu,0.46,65.22,30.0,0.81,0.46,0.183,34.41,lost,0.0,-30.81,2026-07-22T09:47:20Z
2026-07-21T23:43:27Z,highest-temperature-in-san-francisco-on-july-21-2026,highest-temperature-in-san-francisco-on-july-21-2026-90-91f,san-francisco,2026-07-21,NO,90-91°F,20-29c,0.848,11.79,10.0,0.076,0.288,0.452,1.71,lost,0.0,-10.08,2026-07-22T09:47:20Z
2026-07-21T23:58:40Z,highest-temperature-in-san-francisco-on-july-21-2026,highest-temperature-in-san-francisco-on-july-21-2026-90-91f,san-francisco,2026-07-21,YES,90-91°F,dao-chieu,0.769,39.01,30.0,0.3465,0.769,0.288,8.66,won,39.01,8.66,2026-07-22T09:47:20Z
2026-07-22T00:00:08Z,highest-temperature-in-houston-on-july-22-2026,highest-temperature-in-houston-on-july-22-2026-98-99f,houston,2026-07-22,NO,98-99°F,10-19c,0.91,10.99,10.0,0.045,0.12,0.4,0.95,open,,,
2026-07-22T00:00:08Z,highest-temperature-in-houston-on-july-22-2026,highest-temperature-in-houston-on-july-22-2026-104-105f,houston,2026-07-22,NO,104-105°F,10-19c,0.83,12.05,10.0,0.085,0.19,0.4,1.97,open,,,
2026-07-22T00:00:08Z,highest-temperature-in-seoul-on-july-22-2026,highest-temperature-in-seoul-on-july-22-2026-29c,seoul,2026-07-22,NO,29°C,20-29c,0.72,13.89,10.0,0.14,0.29,0.41,3.75,open,,,
2026-07-22T00:00:08Z,highest-temperature-in-beijing-on-july-22-2026,highest-temperature-in-beijing-on-july-22-2026-29c,beijing,2026-07-22,NO,29°C,20-29c,0.75,13.33,10.0,0.125,0.26,0.4,3.21,open,,,
2026-07-22T00:00:08Z,highest-temperature-in-busan-on-july-22-2026,highest-temperature-in-busan-on-july-22-2026-32c,busan,2026-07-22,NO,32°C,20-29c,0.81,12.35,10.0,0.095,0.21,0.4,2.25,open,,,
2026-07-22T00:00:08Z,highest-temperature-in-helsinki-on-july-22-2026,highest-temperature-in-helsinki-on-july-22-2026-17c,helsinki,2026-07-22,NO,17°C,20-29c,0.75,13.33,10.0,0.125,0.26,0.4,3.21,open,,,
2026-07-22T00:09:00Z,highest-temperature-in-busan-on-july-22-2026,highest-temperature-in-busan-on-july-22-2026-32c,busan,2026-07-22,NO,32°C,10-19c,0.86,11.63,10.0,0.07,0.18,0.4,1.56,open,,,
2026-07-22T00:59:03Z,highest-temperature-in-beijing-on-july-22-2026,highest-temperature-in-beijing-on-july-22-2026-29c,beijing,2026-07-22,NO,29°C,10-19c,0.84,11.9,10.0,0.08,0.19,0.4,1.82,open,,,
2026-07-22T01:04:03Z,highest-temperature-in-houston-on-july-22-2026,highest-temperature-in-houston-on-july-22-2026-104-105f,houston,2026-07-22,NO,104-105°F,20-29c,0.83,12.05,10.0,0.085,0.2,0.4,1.97,open,,,
2026-07-22T01:24:36Z,highest-temperature-in-wellington-on-july-22-2026,highest-temperature-in-wellington-on-july-22-2026-15c,wellington,2026-07-22,NO,15°C,10-19c,0.978,10.22,10.0,0.011,0.124,0.459,0.21,open,,,
2026-07-22T01:34:21Z,highest-temperature-in-helsinki-on-july-22-2026,highest-temperature-in-helsinki-on-july-22-2026-16c,helsinki,2026-07-22,NO,16°C,10-19c,0.93,10.75,10.0,0.035,0.1,0.4,0.71,open,,,
2026-07-22T02:19:41Z,highest-temperature-in-seoul-on-july-22-2026,highest-temperature-in-seoul-on-july-22-2026-29c,seoul,2026-07-22,NO,29°C,10-19c,0.83,12.05,10.0,0.085,0.19,0.41,1.97,open,,,
2026-07-22T02:35:06Z,highest-temperature-in-houston-on-july-22-2026,highest-temperature-in-houston-on-july-22-2026-100-101f,houston,2026-07-22,NO,100-101°F,20-29c,0.72,13.89,10.0,0.14,0.29,0.6,3.75,open,,,
2026-07-22T03:20:19Z,highest-temperature-in-busan-on-july-22-2026,highest-temperature-in-busan-on-july-22-2026-34c,busan,2026-07-22,NO,34°C,20-29c,0.77,12.99,10.0,0.115,0.29,0.59,2.88,open,,,
2026-07-22T03:45:39Z,highest-temperature-in-busan-on-july-22-2026,highest-temperature-in-busan-on-july-22-2026-34c,busan,2026-07-22,NO,34°C,10-19c,0.86,11.63,10.0,0.07,0.19,0.59,1.56,open,,,
2026-07-22T04:46:19Z,highest-temperature-in-chengdu-on-july-22-2026,highest-temperature-in-chengdu-on-july-22-2026-40c,chengdu,2026-07-22,NO,40°C,20-29c,0.77,12.99,10.0,0.115,0.28,0.48,2.88,open,,,
2026-07-22T05:21:40Z,highest-temperature-in-chengdu-on-july-22-2026,highest-temperature-in-chengdu-on-july-22-2026-40c,chengdu,2026-07-22,NO,40°C,10-19c,0.89,11.24,10.0,0.055,0.19,0.48,1.19,open,,,
2026-07-22T05:26:35Z,highest-temperature-in-busan-on-july-22-2026,highest-temperature-in-busan-on-july-22-2026-34c,busan,2026-07-22,YES,34°C,dao-chieu,0.55,54.55,30.0,0.6751,0.55,0.29,23.87,open,,,
2026-07-22T05:26:35Z,highest-temperature-in-seoul-on-july-22-2026,highest-temperature-in-seoul-on-july-22-2026-28c,seoul,2026-07-22,NO,28°C,20-29c,0.74,13.51,10.0,0.13,0.27,0.4,3.38,open,,,
2026-07-22T05:51:36Z,highest-temperature-in-shenzhen-on-july-22-2026,highest-temperature-in-shenzhen-on-july-22-2026-32c,shenzhen,2026-07-22,NO,32°C,20-29c,0.82,12.2,10.0,0.09,0.28,0.61,2.11,open,,,
2026-07-22T05:56:55Z,highest-temperature-in-shenzhen-on-july-22-2026,highest-temperature-in-shenzhen-on-july-22-2026-32c,shenzhen,2026-07-22,NO,32°C,10-19c,0.95,10.53,10.0,0.025,0.1,0.61,0.5,open,,,
2026-07-22T06:16:55Z,highest-temperature-in-shenzhen-on-july-22-2026,highest-temperature-in-shenzhen-on-july-22-2026-34c,shenzhen,2026-07-22,NO,34°C,20-29c,0.78,12.82,10.0,0.11,0.27,0.58,2.71,open,,,
2026-07-22T06:32:20Z,highest-temperature-in-seoul-on-july-22-2026,highest-temperature-in-seoul-on-july-22-2026-28c,seoul,2026-07-22,NO,28°C,10-19c,0.84,11.9,10.0,0.08,0.18,0.4,1.82,open,,,
2026-07-22T06:42:17Z,highest-temperature-in-shenzhen-on-july-22-2026,highest-temperature-in-shenzhen-on-july-22-2026-34c,shenzhen,2026-07-22,NO,34°C,10-19c,0.85,11.76,10.0,0.075,0.18,0.58,1.68,open,,,
2026-07-22T06:52:28Z,highest-temperature-in-seoul-on-july-22-2026,highest-temperature-in-seoul-on-july-22-2026-28c,seoul,2026-07-22,YES,28°C,dao-chieu,0.56,53.57,30.0,0.66,0.56,0.27,22.91,open,,,
2026-07-22T06:52:28Z,highest-temperature-in-chengdu-on-july-22-2026,highest-temperature-in-chengdu-on-july-22-2026-38c,chengdu,2026-07-22,NO,38°C,20-29c,0.87,11.49,10.0,0.065,0.25,0.44,1.43,open,,,
2026-07-22T07:42:41Z,highest-temperature-in-chengdu-on-july-22-2026,highest-temperature-in-chengdu-on-july-22-2026-38c,chengdu,2026-07-22,NO,38°C,10-19c,0.87,11.49,10.0,0.065,0.16,0.45,1.43,open,,,
2026-07-22T09:33:57Z,highest-temperature-in-helsinki-on-july-22-2026,highest-temperature-in-helsinki-on-july-22-2026-17c,helsinki,2026-07-22,NO,17°C,10-19c,0.91,10.99,10.0,0.045,0.13,0.4,0.95,open,,,
2026-07-22T11:34:46Z,highest-temperature-in-helsinki-on-july-22-2026,highest-temperature-in-helsinki-on-july-22-2026-19c,helsinki,2026-07-22,NO,19°C,20-29c,0.749,13.35,10.0,0.1255,0.291,0.498,3.22,open,,,
2026-07-22T11:45:06Z,highest-temperature-in-helsinki-on-july-22-2026,highest-temperature-in-helsinki-on-july-22-2026-19c,helsinki,2026-07-22,YES,19°C,dao-chieu,0.542,55.35,30.0,0.687,0.542,0.291,24.66,open,,,
2026-07-22T13:46:00Z,highest-temperature-in-paris-on-july-22-2026,highest-temperature-in-paris-on-july-22-2026-26c,paris,2026-07-22,NO,26°C,20-29c,0.78,12.82,10.0,0.11,0.24,0.62,2.71,open,,,
2026-07-22T13:56:20Z,highest-temperature-in-paris-on-july-22-2026,highest-temperature-in-paris-on-july-22-2026-26c,paris,2026-07-22,YES,26°C,dao-chieu,0.5,60.0,30.0,0.75,0.5,0.24,29.25,open,,,
2026-07-22T14:21:17Z,highest-temperature-in-paris-on-july-22-2026,highest-temperature-in-paris-on-july-22-2026-25c,paris,2026-07-22,NO,25°C,20-29c,0.76,13.16,10.0,0.12,0.28,0.68,3.04,open,,,
2026-07-22T15:01:58Z,highest-temperature-in-paris-on-july-22-2026,highest-temperature-in-paris-on-july-22-2026-25c,paris,2026-07-22,NO,25°C,10-19c,0.92,10.87,10.0,0.04,0.14,0.68,0.83,open,,,
2026-07-22T15:06:31Z,highest-temperature-in-paris-on-july-22-2026,highest-temperature-in-paris-on-july-22-2026-25c,paris,2026-07-22,YES,25°C,dao-chieu,0.57,52.63,30.0,0.645,0.57,0.28,21.99,open,,,
2026-07-22T20:28:47Z,highest-temperature-in-houston-on-july-22-2026,highest-temperature-in-houston-on-july-22-2026-100-101f,houston,2026-07-22,YES,100-101°F,dao-chieu,0.57,52.63,30.0,0.645,0.57,0.29,21.99,open,,,
